,DATE,ELEVATION,LATITUDE,LONGITUDE,NAME,PRCP,PRCP_ATTRIBUTES,SNOW,SNOW_ATTRIBUTES,SNWD,SNWD_ATTRIBUTES,STATION,TMAX,TMAX_ATTRIBUTES,TMIN,TMIN_ATTRIBUTES,TOBS,TOBS_ATTRIBUTES,WT01,WT01_ATTRIBUTES,WT03,WT03_ATTRIBUTES,WT04,WT04_ATTRIBUTES,WT14,WT14_ATTRIBUTES
0,1957-03-01,299.0,42.13333,-71.96667,"CHARLTON MASONIC HM, MA US",0.18,",,0",,,,,USC00191345,34,",,0",24,",,0",34,",,0",,,,,    1,",,0",,
1,1957-03-02,299.0,42.13333,-71.96667,"CHARLTON MASONIC HM, MA US",0.00,"T,,0",,,,,USC00191345,42,",,0",22,",,0",40,",,0",,,,,,,,
2,1957-03-03,299.0,42.13333,-71.96667,"CHARLTON MASONIC HM, MA US",0.00,"T,,0",,,,,USC00191345,40,",,0",23,",,0",35,",,0",,,,,,,,
3,1957-03-04,299.0,42.13333,-71.96667,"CHARLTON MASONIC HM, MA US",0.00,",,0",,,,,USC00191345,35,",,0",16,",,0",28,",,0",,,,,,,,
4,1957-03-05,299.0,42.13333,-71.96667,"CHARLTON MASONIC HM, MA US",0.00,",,0",,,,,USC00191345,37,",,0",10,",,0",34,",,0",,,,,,,,
5,1957-03-06,299.0,42.13333,-71.96667,"CHARLTON MASONIC HM, MA US",0.00,",,0",,,,,USC00191345,45,",,0",14,",,0",43,",,0",,,,,,,,
6,1957-03-07,299.0,42.13333,-71.96667,"CHARLTON MASONIC HM, MA US",0.00,",,0",,,,,USC00191345,43,",,0",28,",,0",37,",,0",,,,,,,,
7,1957-03-08,299.0,42.13333,-71.96667,"CHARLTON MASONIC HM, MA US",0.08,",,0",,,,,USC00191345,37,",,0",30,",,0",32,",,0",    1,",,0",,,,,,
8,1957-03-09,299.0,42.13333,-71.96667,"CHARLTON MASONIC HM, MA US",0.75,",,0",,,,,USC00191345,36,",,0",32,",,0",34,",,0",    1,",,0",,,,,,
9,1957-03-10,299.0,42.13333,-71.96667,"CHARLTON MASONIC HM, MA US",0.00,"T,,0",,,,,USC00191345,36,",,0",26,",,0",35,",,0",,,,,,,,
10,1957-03-11,299.0,42.13333,-71.96667,"CHARLTON MASONIC HM, MA US",0.00,",,0",,,,,USC00191345,44,",,0",22,",,0",44,",,0",,,,,,,,
11,1957-03-12,299.0,42.13333,-71.96667,"CHARLTON MASONIC HM, MA US",0.00,",,0",,,,,USC00191345,46,",,0",35,",,0",45,",,0",,,,,,,,
12,1957-03-13,299.0,42.13333,-71.96667,"CHARLTON MASONIC HM, MA US",0.00,",,0",,,,,USC00191345,62,",,0",36,",,0",58,",,0",,,,,,,,
13,1957-03-14,299.0,42.13333,-71.96667,"CHARLTON MASONIC HM, MA US",0.00,",,0",,,,,USC00191345,66,",,0",34,",,0",59,",,0",,,,,,,,
14,1957-03-15,299.0,42.13333,-71.96667,"CHARLTON MASONIC HM, MA US",0.00,",,0",,,,,USC00191345,59,",,0",33,",,0",57,",,0",,,,,,,,
15,1957-03-16,299.0,42.13333,-71.96667,"CHARLTON MASONIC HM, MA US",0.54,",,0",,,,,USC00191345,57,",,0",33,",,0",55,",,0",    1,",,0",,,,,,
16,1957-03-17,299.0,42.13333,-71.96667,"CHARLTON MASONIC HM, MA US",0.00,",,0",,,,,USC00191345,55,",,0",32,",,0",53,",,0",,,,,,,,
17,1957-03-18,299.0,42.13333,-71.96667,"CHARLTON MASONIC HM, MA US",0.00,",,0",,,,,USC00191345,55,",,0",25,",,0",42,",,0",,,,,,,,
18,1957-03-19,299.0,42.13333,-71.96667,"CHARLTON MASONIC HM, MA US",0.00,",,0",,,,,USC00191345,42,",,0",28,",,0",39,",,0",,,,,,,,
19,1957-03-20,299.0,42.13333,-71.96667,"CHARLTON MASONIC HM, MA US",0.28,",,0",,,,,USC00191345,39,",,0",29,",,0",31,",,0",,,,,,,,
20,1957-03-21,299.0,42.13333,-71.96667,"CHARLTON MASONIC HM, MA US",0.22,",,0",,,,,USC00191345,49,",,0",31,",,0",48,",,0",,,,,,,,
21,1957-03-22,299.0,42.13333,-71.96667,"CHARLTON MASONIC HM, MA US",0.00,"T,,0",,,,,USC00191345,53,",,0",30,",,0",52,",,0",,,,,,,,
22,1957-03-23,299.0,42.13333,-71.96667,"CHARLTON MASONIC HM, MA US",0.00,",,0",,,,,USC00191345,57,",,0",33,",,0",56,",,0",,,,,,,,
23,1957-03-24,299.0,42.13333,-71.96667,"CHARLTON MASONIC HM, MA US",0.00,",,0",,,,,USC00191345,56,",,0",28,",,0",48,",,0",,,,,,,,
24,1957-03-25,299.0,42.13333,-71.96667,"CHARLTON MASONIC HM, MA US",0.00,",,0",,,,,USC00191345,48,",,0",24,",,0",47,",,0",,,,,,,,
25,1957-03-26,299.0,42.13333,-71.96667,"CHARLTON MASONIC HM, MA US",0.00,",,0",,,,,USC00191345,49,",,0",33,",,0",45,",,0",,,,,,,,
26,1957-03-27,299.0,42.13333,-71.96667,"CHARLTON MASONIC HM, MA US",0.00,",,0",,,,,USC00191345,48,",,0",34,",,0",44,",,0",,,,,,,,
27,1957-03-28,299.0,42.13333,-71.96667,"CHARLTON MASONIC HM, MA US",0.00,",,0",,,,,USC00191345,51,",,0",34,",,0",51,",,0",,,,,,,,
28,1957-03-29,299.0,42.13333,-71.96667,"CHARLTON MASONIC HM, MA US",0.00,",,0",,,,,USC00191345,52,",,0",38,",,0",44,",,0",,,,,,,,
29,1957-03-30,299.0,42.13333,-71.96667,"CHARLTON MASONIC HM, MA US",0.33,",,0",,,,,USC00191345,45,",,0",30,",,0",45,",,0",    1,",,0",,,,,,
30,1957-03-31,299.0,42.13333,-71.96667,"CHARLTON MASONIC HM, MA US",0.00,",,0",,,,,USC00191345,50,",,0",24,",,0",49,",,0",,,,,,,,
31,1957-04-01,299.0,42.13333,-71.96667,"CHARLTON MASONIC HM, MA US",0.00,",,0",,,,,USC00191345,56,",,0",28,",,0",53,",,0",,,,,,,,
32,1957-04-02,299.0,42.13333,-71.96667,"CHARLTON MASONIC HM, MA US",0.82,",,0",,,,,USC00191345,54,",,0",43,",,0",50,",,0",,,,,,,,
33,1957-04-03,299.0,42.13333,-71.96667,"CHARLTON MASONIC HM, MA US",0.00,",,0",,,,,USC00191345,50,",,0",25,",,0",48,",,0",,,,,,,,
34,1957-04-04,299.0,42.13333,-71.96667,"CHARLTON MASONIC HM, MA US",0.00,",,0",,,,,USC00191345,49,",,0",27,",,0",47,",,0",,,,,,,,
35,1957-04-05,299.0,42.13333,-71.96667,"CHARLTON MASONIC HM, MA US",0.64,",,0",,,,,USC00191345,47,",,0",28,",,0",35,",,0",,,,,,,,
36,1957-04-06,299.0,42.13333,-71.96667,"CHARLTON MASONIC HM, MA US",1.14,",,0",,,,,USC00191345,49,",,0",35,",,0",46,",,0",    1,",,0",,,,,,
37,1957-04-07,299.0,42.13333,-71.96667,"CHARLTON MASONIC HM, MA US",0.00,",,0",,,,,USC00191345,48,",,0",36,",,0",44,",,0",,,,,,,,
38,1957-04-08,299.0,42.13333,-71.96667,"CHARLTON MASONIC HM, MA US",0.11,",,0",,,,,USC00191345,44,",,0",32,",,0",33,",,0",,,,,,,,
39,1957-04-09,299.0,42.13333,-71.96667,"CHARLTON MASONIC HM, MA US",0.72,",,0",,,,,USC00191345,38,",,0",33,",,0",37,",,0",,,,,,,,
40,1957-04-10,299.0,42.13333,-71.96667,"CHARLTON MASONIC HM, MA US",0.00,",,0",,,,,USC00191345,46,",,0",28,",,0",43,",,0",,,,,,,,
41,1957-04-11,299.0,42.13333,-71.96667,"CHARLTON MASONIC HM, MA US",0.00,",,0",,,,,USC00191345,54,",,0",30,",,0",53,",,0",,,,,,,,
42,1957-04-12,299.0,42.13333,-71.96667,"CHARLTON MASONIC HM, MA US",0.00,",,0",,,,,USC00191345,70,",,0",38,",,0",60,",,0",,,,,,,,
43,1957-04-13,299.0,42.13333,-71.96667,"CHARLTON MASONIC HM, MA US",0.00,",,0",,,,,USC00191345,61,",,0",29,",,0",49,",,0",,,,,,,,
44,1957-04-14,299.0,42.13333,-71.96667,"CHARLTON MASONIC HM, MA US",0.00,",,0",,,,,USC00191345,49,",,0",28,",,0",41,",,0",,,,,,,,
45,1957-04-15,299.0,42.13333,-71.96667,"CHARLTON MASONIC HM, MA US",0.00,",,0",,,,,USC00191345,49,",,0",25,",,0",48,",,0",,,,,,,,
46,1957-04-16,299.0,42.13333,-71.96667,"CHARLTON MASONIC HM, MA US",0.00,",,0",,,,,USC00191345,59,",,0",33,",,0",56,",,0",,,,,,,,
47,1957-04-17,299.0,42.13333,-71.96667,"CHARLTON MASONIC HM, MA US",0.00,",,0",,,,,USC00191345,62,",,0",42,",,0",60,",,0",,,,,,,,
48,1957-04-18,299.0,42.13333,-71.96667,"CHARLTON MASONIC HM, MA US",0.00,",,0",,,,,USC00191345,65,",,0",44,",,0",63,",,0",,,,,,,,
49,1957-04-19,299.0,42.13333,-71.96667,"CHARLTON MASONIC HM, MA US",0.04,",,0",,,,,USC00191345,67,",,0",47,",,0",65,",,0",    1,",,0",,,,,,
50,1957-04-20,299.0,42.13333,-71.96667,"CHARLTON MASONIC HM, MA US",0.00,",,0",,,,,USC00191345,69,",,0",40,",,0",66,",,0",,,,,,,,
51,1957-04-21,299.0,42.13333,-71.96667,"CHARLTON MASONIC HM, MA US",0.00,",,0",,,,,USC00191345,83,",,0",52,",,0",77,",,0",,,,,,,,
52,1957-04-22,299.0,42.13333,-71.96667,"CHARLTON MASONIC HM, MA US",0.00,",,0",,,,,USC00191345,77,",,0",44,",,0",65,",,0",,,,,,,,
53,1957-04-23,299.0,42.13333,-71.96667,"CHARLTON MASONIC HM, MA US",0.00,",,0",,,,,USC00191345,78,",,0",39,",,0",74,",,0",,,,,,,,
54,1957-04-24,299.0,42.13333,-71.96667,"CHARLTON MASONIC HM, MA US",0.00,",,0",,,,,USC00191345,76,",,0",47,",,0",68,",,0",,,,,,,,
55,1957-04-25,299.0,42.13333,-71.96667,"CHARLTON MASONIC HM, MA US",0.00,",,0",,,,,USC00191345,70,",,0",43,",,0",55,",,0",,,,,,,,
56,1957-04-26,299.0,42.13333,-71.96667,"CHARLTON MASONIC HM, MA US",0.18,",,0",,,,,USC00191345,69,",,0",42,",,0",68,",,0",    1,",,0",,,,,,
57,1957-04-27,299.0,42.13333,-71.96667,"CHARLTON MASONIC HM, MA US",0.00,",,0",,,,,USC00191345,80,",,0",48,",,0",69,",,0",,,,,,,,
58,1957-04-28,299.0,42.13333,-71.96667,"CHARLTON MASONIC HM, MA US",0.00,",,0",,,,,USC00191345,81,",,0",49,",,0",77,",,0",,,,,,,,
59,1957-04-29,299.0,42.13333,-71.96667,"CHARLTON MASONIC HM, MA US",0.00,",,0",,,,,USC00191345,79,",,0",58,",,0",69,",,0",,,,,,,,
60,1957-04-30,299.0,42.13333,-71.96667,"CHARLTON MASONIC HM, MA US",0.10,",,0",,,,,USC00191345,69,",,0",43,",,0",56,",,0",,,,,,,,
61,1957-05-01,299.0,42.13333,-71.96667,"CHARLTON MASONIC HM, MA US",0.00,",,0",0.0,",,0",0.0,",,0",USC00191345,72,",,0",46,",,0",71,",,0",,,,,,,,
62,1957-05-02,299.0,42.13333,-71.96667,"CHARLTON MASONIC HM, MA US",0.00,",,0",0.0,",,0",0.0,",,0",USC00191345,73,",,0",33,",,0",63,",,0",,,,,,,,
63,1957-05-03,299.0,42.13333,-71.96667,"CHARLTON MASONIC HM, MA US",0.00,",,0",0.0,",,0",0.0,",,0",USC00191345,64,",,0",30,",,0",49,",,0",,,,,,,,
64,1957-05-04,299.0,42.13333,-71.96667,"CHARLTON MASONIC HM, MA US",0.00,",,0",0.0,",,0",0.0,",,0",USC00191345,63,",,0",37,",,0",58,",,0",,,,,,,,
65,1957-05-05,299.0,42.13333,-71.96667,"CHARLTON MASONIC HM, MA US",0.00,",,0",0.0,",,0",0.0,",,0",USC00191345,66,",,0",47,",,0",57,",,0",,,,,,,,
66,1957-05-06,299.0,42.13333,-71.96667,"CHARLTON MASONIC HM, MA US",0.00,",,0",0.0,",,0",0.0,",,0",USC00191345,69,",,0",39,",,0",65,",,0",,,,,,,,
67,1957-05-07,299.0,42.13333,-71.96667,"CHARLTON MASONIC HM, MA US",0.00,",,0",0.0,",,0",0.0,",,0",USC00191345,75,",,0",46,",,0",75,",,0",,,,,,,,
68,1957-05-08,299.0,42.13333,-71.96667,"CHARLTON MASONIC HM, MA US",0.00,",,0",0.0,",,0",0.0,",,0",USC00191345,80,",,0",50,",,0",79,",,0",,,,,,,,
69,1957-05-09,299.0,42.13333,-71.96667,"CHARLTON MASONIC HM, MA US",0.00,",,0",0.0,",,0",0.0,",,0",USC00191345,84,",,0",59,",,0",82,",,0",,,,,,,,
70,1957-05-10,299.0,42.13333,-71.96667,"CHARLTON MASONIC HM, MA US",0.00,",,0",0.0,",,0",0.0,",,0",USC00191345,82,",,0",59,",,0",79,",,0",,,,,,,,
71,1957-05-11,299.0,42.13333,-71.96667,"CHARLTON MASONIC HM, MA US",0.73,",,0",0.0,",,0",0.0,",,0",USC00191345,80,",,0",47,",,0",53,",,0",    1,",,0",,,,,,
72,1957-05-12,299.0,42.13333,-71.96667,"CHARLTON MASONIC HM, MA US",0.18,",,0",0.0,",,0",0.0,",,0",USC00191345,55,",,0",45,",,0",54,",,0",    1,",,0",,,,,,
73,1957-05-13,299.0,42.13333,-71.96667,"CHARLTON MASONIC HM, MA US",0.00,",,0",0.0,",,0",0.0,",,0",USC00191345,74,",,0",52,",,0",74,",,0",    1,",,0",,,,,,
74,1957-05-14,299.0,42.13333,-71.96667,"CHARLTON MASONIC HM, MA US",0.16,",,0",0.0,",,0",0.0,",,0",USC00191345,75,",,0",47,",,0",61,",,0",,,,,,,,
75,1957-05-15,299.0,42.13333,-71.96667,"CHARLTON MASONIC HM, MA US",0.20,",,0",0.0,",,0",0.0,",,0",USC00191345,78,",,0",50,",,0",77,",,0",    1,",,0",,,,,,
76,1957-05-16,299.0,42.13333,-71.96667,"CHARLTON MASONIC HM, MA US",0.07,",,0",0.0,",,0",0.0,",,0",USC00191345,77,",,0",46,",,0",63,",,0",,,    1,",,0",,,,
77,1957-05-17,299.0,42.13333,-71.96667,"CHARLTON MASONIC HM, MA US",0.00,",,0",0.0,",,0",0.0,",,0",USC00191345,64,",,0",34,",,0",59,",,0",,,,,,,,
78,1957-05-18,299.0,42.13333,-71.96667,"CHARLTON MASONIC HM, MA US",0.11,",,0",0.0,",,0",0.0,",,0",USC00191345,64,",,0",45,",,0",62,",,0",    1,",,0",,,,,,
79,1957-05-19,299.0,42.13333,-71.96667,"CHARLTON MASONIC HM, MA US",0.00,",,0",0.0,",,0",0.0,",,0",USC00191345,62,",,0",44,",,0",50,",,0",,,,,,,,
80,1957-05-20,299.0,42.13333,-71.96667,"CHARLTON MASONIC HM, MA US",0.37,",,0",0.0,",,0",0.0,",,0",USC00191345,51,",,0",39,",,0",42,",,0",,,,,,,,
81,1957-05-21,299.0,42.13333,-71.96667,"CHARLTON MASONIC HM, MA US",0.11,",,0",0.0,",,0",0.0,",,0",USC00191345,66,",,0",38,",,0",65,",,0",,,,,,,,
82,1957-05-22,299.0,42.13333,-71.96667,"CHARLTON MASONIC HM, MA US",0.00,",,0",0.0,",,0",0.0,",,0",USC00191345,68,",,0",43,",,0",60,",,0",,,,,,,,
83,1957-05-23,299.0,42.13333,-71.96667,"CHARLTON MASONIC HM, MA US",0.00,",,0",0.0,",,0",0.0,",,0",USC00191345,79,",,0",48,",,0",78,",,0",    1,",,0",,,,,,
84,1957-05-24,299.0,42.13333,-71.96667,"CHARLTON MASONIC HM, MA US",0.11,",,0",0.0,",,0",0.0,",,0",USC00191345,80,",,0",58,",,0",66,",,0",,,    1,",,0",,,,
85,1957-05-25,299.0,42.13333,-71.96667,"CHARLTON MASONIC HM, MA US",0.00,",,0",0.0,",,0",0.0,",,0",USC00191345,74,",,0",47,",,0",73,",,0",,,,,,,,
86,1957-05-26,299.0,42.13333,-71.96667,"CHARLTON MASONIC HM, MA US",0.00,",,0",0.0,",,0",0.0,",,0",USC00191345,75,",,0",52,",,0",74,",,0",,,,,,,,
87,1957-05-27,299.0,42.13333,-71.96667,"CHARLTON MASONIC HM, MA US",0.00,",,0",0.0,",,0",0.0,",,0",USC00191345,76,",,0",63,",,0",71,",,0",,,,,,,,
88,1957-05-28,299.0,42.13333,-71.96667,"CHARLTON MASONIC HM, MA US",0.19,",,0",0.0,",,0",0.0,",,0",USC00191345,73,",,0",58,",,0",58,",,0",,,    1,",,0",,,,
89,1957-05-29,299.0,42.13333,-71.96667,"CHARLTON MASONIC HM, MA US",0.00,",,0",0.0,",,0",0.0,",,0",USC00191345,70,",,0",43,",,0",69,",,0",,,,,,,,
90,1957-05-30,299.0,42.13333,-71.96667,"CHARLTON MASONIC HM, MA US",0.00,",,0",0.0,",,0",0.0,",,0",USC00191345,74,",,0",,,73,",,0",,,,,,,,
91,1957-05-31,299.0,42.13333,-71.96667,"CHARLTON MASONIC HM, MA US",0.00,",,0",0.0,",,0",0.0,",,0",USC00191345,78,",,0",48,",,0",75,",,0",,,,,,,,
92,1957-06-01,299.0,42.13333,-71.96667,"CHARLTON MASONIC HM, MA US",0.00,",,0",0.0,",,0",0.0,",,0",USC00191345,77,",,0",52,",,0",72,",,0",    1,",,0",,,,,,
93,1957-06-02,299.0,42.13333,-71.96667,"CHARLTON MASONIC HM, MA US",0.36,",,0",0.0,",,0",0.0,",,0",USC00191345,73,",,0",58,",,0",64,",,0",,,,,,,,
94,1957-06-03,299.0,42.13333,-71.96667,"CHARLTON MASONIC HM, MA US",0.00,",,0",0.0,",,0",0.0,",,0",USC00191345,69,",,0",48,",,0",66,",,0",,,,,,,,
95,1957-06-04,299.0,42.13333,-71.96667,"CHARLTON MASONIC HM, MA US",0.00,",,0",0.0,",,0",0.0,",,0",USC00191345,73,",,0",45,",,0",71,",,0",,,,,,,,
96,1957-06-05,299.0,42.13333,-71.96667,"CHARLTON MASONIC HM, MA US",0.00,",,0",0.0,",,0",0.0,",,0",USC00191345,72,",,0",52,",,0",69,",,0",,,,,,,,
97,1957-06-06,299.0,42.13333,-71.96667,"CHARLTON MASONIC HM, MA US",0.00,",,0",0.0,",,0",0.0,",,0",USC00191345,74,",,0",54,",,0",72,",,0",,,,,,,,
98,1957-06-07,299.0,42.13333,-71.96667,"CHARLTON MASONIC HM, MA US",0.24,",,0",0.0,",,0",0.0,",,0",USC00191345,72,",,0",51,",,0",66,",,0",    1,",,0",,,,,,
99,1957-06-08,299.0,42.13333,-71.96667,"CHARLTON MASONIC HM, MA US",0.00,",,0",0.0,",,0",0.0,",,0",USC00191345,66,",,0",42,",,0",64,",,0",,,,,,,,
100,1957-06-09,299.0,42.13333,-71.96667,"CHARLTON MASONIC HM, MA US",0.00,",,0",0.0,",,0",0.0,",,0",USC00191345,73,",,0",48,",,0",71,",,0",,,,,,,,
101,1957-06-10,299.0,42.13333,-71.96667,"CHARLTON MASONIC HM, MA US",0.00,",,0",0.0,",,0",0.0,",,0",USC00191345,76,",,0",53,",,0",69,",,0",,,,,,,,
102,1957-06-11,299.0,42.13333,-71.96667,"CHARLTON MASONIC HM, MA US",0.00,",,0",0.0,",,0",0.0,",,0",USC00191345,79,",,0",55,",,0",79,",,0",,,,,,,,
103,1957-06-12,299.0,42.13333,-71.96667,"CHARLTON MASONIC HM, MA US",0.00,",,0",0.0,",,0",0.0,",,0",USC00191345,83,",,0",58,",,0",81,",,0",,,,,,,,
104,1957-06-13,299.0,42.13333,-71.96667,"CHARLTON MASONIC HM, MA US",0.00,",,0",0.0,",,0",0.0,",,0",USC00191345,82,",,0",63,",,0",78,",,0",,,,,,,,
105,1957-06-14,299.0,42.13333,-71.96667,"CHARLTON MASONIC HM, MA US",0.00,",,0",0.0,",,0",0.0,",,0",USC00191345,88,",,0",60,",,0",87,",,0",    1,",,0",,,,,,
106,1957-06-15,299.0,42.13333,-71.96667,"CHARLTON MASONIC HM, MA US",1.14,",,0",0.0,",,0",0.0,",,0",USC00191345,90,",,0",66,",,0",82,",,0",,,    1,",,0",,,,
107,1957-06-16,299.0,42.13333,-71.96667,"CHARLTON MASONIC HM, MA US",0.00,",,0",0.0,",,0",0.0,",,0",USC00191345,91,",,0",70,",,0",90,",,0",,,,,,,,
108,1957-06-17,299.0,42.13333,-71.96667,"CHARLTON MASONIC HM, MA US",0.00,",,0",0.0,",,0",0.0,",,0",USC00191345,91,",,0",69,",,0",89,",,0",,,,,,,,
109,1957-06-18,299.0,42.13333,-71.96667,"CHARLTON MASONIC HM, MA US",0.00,",,0",0.0,",,0",0.0,",,0",USC00191345,91,",,0",66,",,0",88,",,0",,,,,,,,
110,1957-06-19,299.0,42.13333,-71.96667,"CHARLTON MASONIC HM, MA US",0.06,",,0",0.0,",,0",0.0,",,0",USC00191345,88,",,0",64,",,0",73,",,0",,,    1,",,0",,,,
111,1957-06-20,299.0,42.13333,-71.96667,"CHARLTON MASONIC HM, MA US",0.51,",,0",0.0,",,0",0.0,",,0",USC00191345,74,",,0",54,",,0",71,",,0",,,    1,",,0",,,,
112,1957-06-21,299.0,42.13333,-71.96667,"CHARLTON MASONIC HM, MA US",0.00,",,0",0.0,",,0",0.0,",,0",USC00191345,80,",,0",55,",,0",78,",,0",,,,,,,,
113,1957-06-22,299.0,42.13333,-71.96667,"CHARLTON MASONIC HM, MA US",0.00,",,0",0.0,",,0",0.0,",,0",USC00191345,85,",,0",56,",,0",,,,,,,,,,
114,1957-06-23,299.0,42.13333,-71.96667,"CHARLTON MASONIC HM, MA US",0.00,",,0",0.0,",,0",0.0,",,0",USC00191345,83,",,0",58,",,0",77,",,0",    1,",,0",,,,,,
115,1957-06-24,299.0,42.13333,-71.96667,"CHARLTON MASONIC HM, MA US",0.37,",,0",0.0,",,0",0.0,",,0",USC00191345,82,",,0",64,",,0",76,",,0",    1,",,0",,,,,,
116,1957-06-25,299.0,42.13333,-71.96667,"CHARLTON MASONIC HM, MA US",0.12,",,0",0.0,",,0",0.0,",,0",USC00191345,83,",,0",68,",,0",73,",,0",    1,",,0",,,,,,
117,1957-06-26,299.0,42.13333,-71.96667,"CHARLTON MASONIC HM, MA US",0.85,",,0",0.0,",,0",0.0,",,0",USC00191345,78,",,0",60,",,0",69,",,0",    1,",,0",,,,,,
118,1957-06-27,299.0,42.13333,-71.96667,"CHARLTON MASONIC HM, MA US",0.00,",,0",0.0,",,0",0.0,",,0",USC00191345,80,",,0",64,",,0",79,",,0",    1,",,0",,,,,,
119,1957-06-28,299.0,42.13333,-71.96667,"CHARLTON MASONIC HM, MA US",0.00,",,0",0.0,",,0",0.0,",,0",USC00191345,82,",,0",66,",,0",80,",,0",    1,",,0",,,,,,
120,1957-06-29,299.0,42.13333,-71.96667,"CHARLTON MASONIC HM, MA US",0.18,",,0",0.0,",,0",0.0,",,0",USC00191345,87,",,0",68,",,0",78,",,0",,,,,,,,
121,1957-06-30,299.0,42.13333,-71.96667,"CHARLTON MASONIC HM, MA US",0.08,",,0",0.0,",,0",0.0,",,0",USC00191345,79,",,0",59,",,0",71,",,0",,,    1,",,0",,,,
122,1957-07-01,299.0,42.13333,-71.96667,"CHARLTON MASONIC HM, MA US",0.00,",,0",0.0,",,0",0.0,",,0",USC00191345,78,",,0",58,",,0",59,",,0",,,,,,,,
123,1957-07-02,299.0,42.13333,-71.96667,"CHARLTON MASONIC HM, MA US",0.00,",,0",0.0,",,0",0.0,",,0",USC00191345,66,",,0",48,",,0",62,",,0",,,,,,,,
124,1957-07-03,299.0,42.13333,-71.96667,"CHARLTON MASONIC HM, MA US",0.00,",,0",0.0,",,0",0.0,",,0",USC00191345,77,",,0",51,",,0",74,",,0",,,,,,,,
125,1957-07-04,299.0,42.13333,-71.96667,"CHARLTON MASONIC HM, MA US",0.04,",,0",0.0,",,0",0.0,",,0",USC00191345,85,",,0",62,",,0",83,",,0",,,,,,,,
126,1957-07-05,299.0,42.13333,-71.96667,"CHARLTON MASONIC HM, MA US",0.07,",,0",0.0,",,0",0.0,",,0",USC00191345,85,",,0",65,",,0",82,",,0",    1,",,0",,,,,,
127,1957-07-06,299.0,42.13333,-71.96667,"CHARLTON MASONIC HM, MA US",0.08,",,0",0.0,",,0",0.0,",,0",USC00191345,83,",,0",58,",,0",74,",,0",,,    1,",,0",,,,
128,1957-07-07,299.0,42.13333,-71.96667,"CHARLTON MASONIC HM, MA US",0.00,",,0",0.0,",,0",0.0,",,0",USC00191345,82,",,0",59,",,0",78,",,0",,,,,,,,
129,1957-07-08,299.0,42.13333,-71.96667,"CHARLTON MASONIC HM, MA US",0.00,",,0",0.0,",,0",0.0,",,0",USC00191345,86,",,0",59,",,0",84,",,0",,,,,,,,
130,1957-07-09,299.0,42.13333,-71.96667,"CHARLTON MASONIC HM, MA US",0.04,",,0",0.0,",,0",0.0,",,0",USC00191345,85,",,0",64,",,0",75,",,0",    1,",,0",,,,,,
131,1957-07-10,299.0,42.13333,-71.96667,"CHARLTON MASONIC HM, MA US",0.00,",,0",0.0,",,0",0.0,",,0",USC00191345,75,",,0",58,",,0",69,",,0",,,,,,,,
132,1957-07-11,299.0,42.13333,-71.96667,"CHARLTON MASONIC HM, MA US",0.00,",,0",0.0,",,0",0.0,",,0",USC00191345,73,",,0",50,",,0",70,",,0",,,,,,,,
133,1957-07-12,299.0,42.13333,-71.96667,"CHARLTON MASONIC HM, MA US",0.00,",,0",0.0,",,0",0.0,",,0",USC00191345,77,",,0",55,",,0",76,",,0",,,,,,,,
134,1957-07-13,299.0,42.13333,-71.96667,"CHARLTON MASONIC HM, MA US",0.00,",,0",0.0,",,0",0.0,",,0",USC00191345,76,",,0",58,",,0",72,",,0",,,,,,,,
135,1957-07-14,299.0,42.13333,-71.96667,"CHARLTON MASONIC HM, MA US",0.00,",,0",0.0,",,0",0.0,",,0",USC00191345,86,",,0",65,",,0",86,",,0",,,,,,,,
136,1957-07-15,299.0,42.13333,-71.96667,"CHARLTON MASONIC HM, MA US",0.00,",,0",0.0,",,0",0.0,",,0",USC00191345,87,",,0",63,",,0",84,",,0",,,,,,,,
137,1957-07-16,299.0,42.13333,-71.96667,"CHARLTON MASONIC HM, MA US",0.00,",,0",0.0,",,0",0.0,",,0",USC00191345,85,",,0",53,",,0",77,",,0",,,,,,,,
138,1957-07-17,299.0,42.13333,-71.96667,"CHARLTON MASONIC HM, MA US",0.00,",,0",0.0,",,0",0.0,",,0",USC00191345,83,",,0",55,",,0",81,",,0",,,,,,,,
139,1957-07-18,299.0,42.13333,-71.96667,"CHARLTON MASONIC HM, MA US",0.00,",,0",0.0,",,0",0.0,",,0",USC00191345,89,",,0",62,",,0",86,",,0",,,,,,,,
140,1957-07-19,299.0,42.13333,-71.96667,"CHARLTON MASONIC HM, MA US",0.00,",,0",0.0,",,0",0.0,",,0",USC00191345,90,",,0",60,",,0",88,",,0",,,,,,,,
141,1957-07-20,299.0,42.13333,-71.96667,"CHARLTON MASONIC HM, MA US",0.00,",,0",0.0,",,0",0.0,",,0",USC00191345,93,",,0",65,",,0",87,",,0",,,,,,,,
142,1957-07-21,299.0,42.13333,-71.96667,"CHARLTON MASONIC HM, MA US",0.00,",,0",0.0,",,0",0.0,",,0",USC00191345,91,",,0",73,",,0",89,",,0",,,,,,,,
143,1957-07-22,299.0,42.13333,-71.96667,"CHARLTON MASONIC HM, MA US",0.27,",,0",0.0,",,0",0.0,",,0",USC00191345,92,",,0",68,",,0",90,",,0",,,    1,",,0",,,,
144,1957-07-23,299.0,42.13333,-71.96667,"CHARLTON MASONIC HM, MA US",0.03,",,0",0.0,",,0",0.0,",,0",USC00191345,92,",,0",74,",,0",78,",,0",,,    1,",,0",,,,
145,1957-07-24,299.0,42.13333,-71.96667,"CHARLTON MASONIC HM, MA US",0.00,",,0",0.0,",,0",0.0,",,0",USC00191345,78,",,0",53,",,0",77,",,0",,,,,,,,
146,1957-07-25,299.0,42.13333,-71.96667,"CHARLTON MASONIC HM, MA US",0.16,",,0",0.0,",,0",0.0,",,0",USC00191345,77,",,0",55,",,0",74,",,0",,,    1,",,0",,,,
147,1957-07-26,299.0,42.13333,-71.96667,"CHARLTON MASONIC HM, MA US",0.00,",,0",0.0,",,0",0.0,",,0",USC00191345,81,",,0",58,",,0",79,",,0",,,,,,,,
148,1957-07-27,299.0,42.13333,-71.96667,"CHARLTON MASONIC HM, MA US",0.00,",,0",0.0,",,0",0.0,",,0",USC00191345,80,",,0",60,",,0",72,",,0",,,,,,,,
149,1957-07-28,299.0,42.13333,-71.96667,"CHARLTON MASONIC HM, MA US",0.00,",,0",0.0,",,0",0.0,",,0",USC00191345,79,",,0",59,",,0",74,",,0",,,,,,,,
150,1957-07-29,299.0,42.13333,-71.96667,"CHARLTON MASONIC HM, MA US",0.00,"T,,0",0.0,",,0",0.0,",,0",USC00191345,76,",,0",62,",,0",72,",,0",    1,",,0",,,,,,
151,1957-07-30,299.0,42.13333,-71.96667,"CHARLTON MASONIC HM, MA US",0.00,"T,,0",0.0,",,0",0.0,",,0",USC00191345,88,",,0",63,",,0",87,",,0",    1,",,0",,,,,,
152,1957-07-31,299.0,42.13333,-71.96667,"CHARLTON MASONIC HM, MA US",0.12,",,0",0.0,",,0",0.0,",,0",USC00191345,89,",,0",64,",,0",79,",,0",    1,",,0",,,,,,
153,1957-08-01,299.0,42.13333,-71.96667,"CHARLTON MASONIC HM, MA US",0.00,",,0",0.0,",,0",0.0,",,0",USC00191345,83,",,0",62,",,0",81,",,0",,,,,,,,
154,1957-08-02,299.0,42.13333,-71.96667,"CHARLTON MASONIC HM, MA US",0.00,",,0",0.0,",,0",0.0,",,0",USC00191345,85,",,0",60,",,0",82,",,0",,,,,,,,
155,1957-08-03,299.0,42.13333,-71.96667,"CHARLTON MASONIC HM, MA US",0.00,",,0",0.0,",,0",0.0,",,0",USC00191345,90,",,0",63,",,0",89,",,0",,,,,,,,
156,1957-08-04,299.0,42.13333,-71.96667,"CHARLTON MASONIC HM, MA US",0.06,",,0",0.0,",,0",0.0,",,0",USC00191345,91,",,0",65,",,0",72,",,0",    1,",,0",,,,,,
157,1957-08-05,299.0,42.13333,-71.96667,"CHARLTON MASONIC HM, MA US",0.00,",,0",0.0,",,0",0.0,",,0",USC00191345,77,",,0",57,",,0",71,",,0",,,,,,,,
158,1957-08-06,299.0,42.13333,-71.96667,"CHARLTON MASONIC HM, MA US",0.00,",,0",0.0,",,0",0.0,",,0",USC00191345,74,",,0",48,",,0",70,",,0",,,,,,,,
159,1957-08-07,299.0,42.13333,-71.96667,"CHARLTON MASONIC HM, MA US",0.00,",,0",0.0,",,0",0.0,",,0",USC00191345,79,",,0",51,",,0",76,",,0",,,,,,,,
160,1957-08-08,299.0,42.13333,-71.96667,"CHARLTON MASONIC HM, MA US",0.00,",,0",0.0,",,0",0.0,",,0",USC00191345,82,",,0",54,",,0",79,",,0",,,,,,,,
161,1957-08-09,299.0,42.13333,-71.96667,"CHARLTON MASONIC HM, MA US",0.00,",,0",0.0,",,0",0.0,",,0",USC00191345,88,",,0",63,",,0",84,",,0",,,,,,,,
162,1957-08-10,299.0,42.13333,-71.96667,"CHARLTON MASONIC HM, MA US",0.47,",,0",0.0,",,0",0.0,",,0",USC00191345,84,",,0",68,",,0",73,",,0",    1,",,0",,,,,,
163,1957-08-11,299.0,42.13333,-71.96667,"CHARLTON MASONIC HM, MA US",0.00,",,0",0.0,",,0",0.0,",,0",USC00191345,89,",,0",57,",,0",80,",,0",    1,",,0",,,,,,
164,1957-08-12,299.0,42.13333,-71.96667,"CHARLTON MASONIC HM, MA US",0.10,",,0",0.0,",,0",0.0,",,0",USC00191345,82,",,0",60,",,0",78,",,0",,,,,,,,
165,1957-08-13,299.0,42.13333,-71.96667,"CHARLTON MASONIC HM, MA US",0.00,",,0",0.0,",,0",0.0,",,0",USC00191345,79,",,0",44,",,0",71,",,0",,,,,,,,
166,1957-08-14,299.0,42.13333,-71.96667,"CHARLTON MASONIC HM, MA US",0.00,",,0",0.0,",,0",0.0,",,0",USC00191345,74,",,0",50,",,0",71,",,0",,,,,,,,
167,1957-08-15,299.0,42.13333,-71.96667,"CHARLTON MASONIC HM, MA US",0.00,",,0",0.0,",,0",0.0,",,0",USC00191345,85,",,0",58,",,0",83,",,0",,,,,,,,
168,1957-08-16,299.0,42.13333,-71.96667,"CHARLTON MASONIC HM, MA US",0.00,",,0",0.0,",,0",0.0,",,0",USC00191345,83,",,0",60,",,0",77,",,0",,,,,,,,
169,1957-08-17,299.0,42.13333,-71.96667,"CHARLTON MASONIC HM, MA US",0.00,",,0",0.0,",,0",0.0,",,0",USC00191345,79,",,0",51,",,0",74,",,0",,,,,,,,
170,1957-08-18,299.0,42.13333,-71.96667,"CHARLTON MASONIC HM, MA US",0.00,",,0",0.0,",,0",0.0,",,0",USC00191345,81,",,0",52,",,0",77,",,0",,,,,,,,
171,1957-08-19,299.0,42.13333,-71.96667,"CHARLTON MASONIC HM, MA US",0.00,",,0",0.0,",,0",0.0,",,0",USC00191345,78,",,0",58,",,0",71,",,0",,,,,,,,
172,1957-08-20,299.0,42.13333,-71.96667,"CHARLTON MASONIC HM, MA US",0.00,",,0",0.0,",,0",0.0,",,0",USC00191345,81,",,0",57,",,0",80,",,0",,,,,,,,
173,1957-08-21,299.0,42.13333,-71.96667,"CHARLTON MASONIC HM, MA US",0.00,",,0",0.0,",,0",0.0,",,0",USC00191345,81,",,0",58,",,0",76,",,0",,,,,,,,
174,1957-08-22,299.0,42.13333,-71.96667,"CHARLTON MASONIC HM, MA US",0.13,",,0",0.0,",,0",0.0,",,0",USC00191345,79,",,0",52,",,0",74,",,0",,,,,,,,
175,1957-08-23,299.0,42.13333,-71.96667,"CHARLTON MASONIC HM, MA US",0.00,",,0",0.0,",,0",0.0,",,0",USC00191345,78,",,0",50,",,0",77,",,0",,,,,,,,
176,1957-08-24,299.0,42.13333,-71.96667,"CHARLTON MASONIC HM, MA US",0.00,",,0",0.0,",,0",0.0,",,0",USC00191345,79,",,0",52,",,0",72,",,0",,,,,,,,
177,1957-08-25,299.0,42.13333,-71.96667,"CHARLTON MASONIC HM, MA US",0.53,",,0",0.0,",,0",0.0,",,0",USC00191345,73,",,0",58,",,0",61,",,0",    1,",,0",,,,,,
178,1957-08-26,299.0,42.13333,-71.96667,"CHARLTON MASONIC HM, MA US",0.09,",,0",0.0,",,0",0.0,",,0",USC00191345,69,",,0",57,",,0",69,",,0",    1,",,0",,,,,,
179,1957-08-27,299.0,42.13333,-71.96667,"CHARLTON MASONIC HM, MA US",0.00,",,0",0.0,",,0",0.0,",,0",USC00191345,79,",,0",62,",,0",76,",,0",,,,,,,,
180,1957-08-28,299.0,42.13333,-71.96667,"CHARLTON MASONIC HM, MA US",0.00,",,0",0.0,",,0",0.0,",,0",USC00191345,78,",,0",44,",,0",73,",,0",,,,,,,,
181,1957-08-29,299.0,42.13333,-71.96667,"CHARLTON MASONIC HM, MA US",0.00,",,0",0.0,",,0",0.0,",,0",USC00191345,75,",,0",50,",,0",74,",,0",,,,,,,,
182,1957-08-30,299.0,42.13333,-71.96667,"CHARLTON MASONIC HM, MA US",0.18,",,0",0.0,",,0",0.0,",,0",USC00191345,75,",,0",62,",,0",68,",,0",    1,",,0",,,,,,
183,1957-08-31,299.0,42.13333,-71.96667,"CHARLTON MASONIC HM, MA US",0.00,"T,,0",0.0,",,0",0.0,",,0",USC00191345,77,",,0",55,",,0",75,",,0",    1,",,0",,,,,,
184,1957-09-01,299.0,42.13333,-71.96667,"CHARLTON MASONIC HM, MA US",0.00,",,0",0.0,",,0",0.0,",,0",USC00191345,79,",,0",56,",,0",75,",,0",,,,,,,,
185,1957-09-02,299.0,42.13333,-71.96667,"CHARLTON MASONIC HM, MA US",0.00,",,0",0.0,",,0",0.0,",,0",USC00191345,80,",,0",57,",,0",71,",,0",,,,,,,,
186,1957-09-03,299.0,42.13333,-71.96667,"CHARLTON MASONIC HM, MA US",0.20,",,0",0.0,",,0",0.0,",,0",USC00191345,84,",,0",62,",,0",82,",,0",    1,",,0",,,,,,
187,1957-09-04,299.0,42.13333,-71.96667,"CHARLTON MASONIC HM, MA US",0.00,",,0",0.0,",,0",0.0,",,0",USC00191345,82,",,0",63,",,0",78,",,0",,,,,,,,
188,1957-09-05,299.0,42.13333,-71.96667,"CHARLTON MASONIC HM, MA US",0.03,",,0",0.0,",,0",0.0,",,0",USC00191345,78,",,0",60,",,0",67,",,0",,,    1,",,0",,,,
189,1957-09-06,299.0,42.13333,-71.96667,"CHARLTON MASONIC HM, MA US",0.00,",,0",0.0,",,0",0.0,",,0",USC00191345,72,",,0",58,",,0",67,",,0",,,,,,,,
190,1957-09-07,299.0,42.13333,-71.96667,"CHARLTON MASONIC HM, MA US",0.00,",,0",0.0,",,0",0.0,",,0",USC00191345,72,",,0",54,",,0",68,",,0",,,,,,,,
191,1957-09-08,299.0,42.13333,-71.96667,"CHARLTON MASONIC HM, MA US",0.00,",,0",0.0,",,0",0.0,",,0",USC00191345,74,",,0",58,",,0",70,",,0",,,,,,,,
192,1957-09-09,299.0,42.13333,-71.96667,"CHARLTON MASONIC HM, MA US",0.00,",,0",0.0,",,0",0.0,",,0",USC00191345,74,",,0",47,",,0",73,",,0",,,,,,,,
193,1957-09-10,299.0,42.13333,-71.96667,"CHARLTON MASONIC HM, MA US",0.00,",,0",0.0,",,0",0.0,",,0",USC00191345,73,",,0",51,",,0",72,",,0",,,,,,,,
194,1957-09-11,299.0,42.13333,-71.96667,"CHARLTON MASONIC HM, MA US",0.10,",,0",0.0,",,0",0.0,",,0",USC00191345,79,",,0",52,",,0",74,",,0",    1,",,0",,,,,,
195,1957-09-12,299.0,42.13333,-71.96667,"CHARLTON MASONIC HM, MA US",0.00,",,0",0.0,",,0",0.0,",,0",USC00191345,83,",,0",58,",,0",73,",,0",    1,",,0",,,,,,
196,1957-09-13,299.0,42.13333,-71.96667,"CHARLTON MASONIC HM, MA US",0.00,",,0",0.0,",,0",0.0,",,0",USC00191345,86,",,0",62,",,0",78,",,0",    1,",,0",,,,,,
197,1957-09-14,299.0,42.13333,-71.96667,"CHARLTON MASONIC HM, MA US",0.12,",,0",0.0,",,0",0.0,",,0",USC00191345,86,",,0",64,",,0",73,",,0",,,,,,,,
198,1957-09-15,299.0,42.13333,-71.96667,"CHARLTON MASONIC HM, MA US",0.00,",,0",0.0,",,0",0.0,",,0",USC00191345,73,",,0",59,",,0",70,",,0",,,,,,,,
199,1957-09-16,299.0,42.13333,-71.96667,"CHARLTON MASONIC HM, MA US",0.00,",,0",0.0,",,0",0.0,",,0",USC00191345,85,",,0",67,",,0",76,",,0",    1,",,0",,,,,,
200,1957-09-17,299.0,42.13333,-71.96667,"CHARLTON MASONIC HM, MA US",0.29,",,0",0.0,",,0",0.0,",,0",USC00191345,76,",,0",58,",,0",67,",,0",,,,,,,,
201,1957-09-18,299.0,42.13333,-71.96667,"CHARLTON MASONIC HM, MA US",0.00,",,0",0.0,",,0",0.0,",,0",USC00191345,73,",,0",52,",,0",66,",,0",,,,,,,,
202,1957-09-19,299.0,42.13333,-71.96667,"CHARLTON MASONIC HM, MA US",0.00,",,0",0.0,",,0",0.0,",,0",USC00191345,76,",,0",61,",,0",69,",,0",,,,,,,,
203,1957-09-20,299.0,42.13333,-71.96667,"CHARLTON MASONIC HM, MA US",0.00,",,0",0.0,",,0",0.0,",,0",USC00191345,80,",,0",51,",,0",73,",,0",    1,",,0",,,,,,
204,1957-09-21,299.0,42.13333,-71.96667,"CHARLTON MASONIC HM, MA US",0.09,",,0",0.0,",,0",0.0,",,0",USC00191345,73,",,0",60,",,0",70,",,0",    1,",,0",,,,,,
205,1957-09-22,299.0,42.13333,-71.96667,"CHARLTON MASONIC HM, MA US",0.00,",,0",0.0,",,0",0.0,",,0",USC00191345,73,",,0",66,",,0",72,",,0",    1,",,0",,,,,,
206,1957-09-23,299.0,42.13333,-71.96667,"CHARLTON MASONIC HM, MA US",0.00,",,0",0.0,",,0",0.0,",,0",USC00191345,72,",,0",56,",,0",62,",,0",,,,,,,,
207,1957-09-24,299.0,42.13333,-71.96667,"CHARLTON MASONIC HM, MA US",0.00,",,0",0.0,",,0",0.0,",,0",USC00191345,64,",,0",48,",,0",59,",,0",,,,,,,,
208,1957-09-25,299.0,42.13333,-71.96667,"CHARLTON MASONIC HM, MA US",0.00,",,0",0.0,",,0",0.0,",,0",USC00191345,71,",,0",41,",,0",65,",,0",,,,,,,,
209,1957-09-26,299.0,42.13333,-71.96667,"CHARLTON MASONIC HM, MA US",0.00,",,0",0.0,",,0",0.0,",,0",USC00191345,66,",,0",50,",,0",58,",,0",,,,,,,,
210,1957-09-27,299.0,42.13333,-71.96667,"CHARLTON MASONIC HM, MA US",0.00,",,0",0.0,",,0",0.0,",,0",USC00191345,58,",,0",31,",,0",51,",,0",,,,,,,,
211,1957-09-28,299.0,42.13333,-71.96667,"CHARLTON MASONIC HM, MA US",0.00,",,0",0.0,",,0",0.0,",,0",USC00191345,61,",,0",30,",,0",58,",,0",,,,,,,,
212,1957-09-29,299.0,42.13333,-71.96667,"CHARLTON MASONIC HM, MA US",0.00,",,0",0.0,",,0",0.0,",,0",USC00191345,70,",,0",37,",,0",65,",,0",,,,,,,,
213,1957-09-30,299.0,42.13333,-71.96667,"CHARLTON MASONIC HM, MA US",0.00,",,0",0.0,",,0",0.0,",,0",USC00191345,65,",,0",46,",,0",60,",,0",,,,,,,,
214,1957-10-01,299.0,42.13333,-71.96667,"CHARLTON MASONIC HM, MA US",0.00,",,0",0.0,",,0",0.0,",,0",USC00191345,74,",,0",45,",,0",68,",,0",    1,",,0",,,,,,
215,1957-10-02,299.0,42.13333,-71.96667,"CHARLTON MASONIC HM, MA US",0.10,",,0",0.0,",,0",0.0,",,0",USC00191345,68,",,0",45,",,0",58,",,0",,,,,,,,
216,1957-10-03,299.0,42.13333,-71.96667,"CHARLTON MASONIC HM, MA US",0.00,",,0",0.0,",,0",0.0,",,0",USC00191345,62,",,0",36,",,0",56,",,0",,,,,,,,
217,1957-10-04,299.0,42.13333,-71.96667,"CHARLTON MASONIC HM, MA US",0.00,",,0",0.0,",,0",0.0,",,0",USC00191345,60,",,0",33,",,0",55,",,0",,,,,,,,
218,1957-10-05,299.0,42.13333,-71.96667,"CHARLTON MASONIC HM, MA US",0.00,",,0",0.0,",,0",0.0,",,0",USC00191345,69,",,0",42,",,0",60,",,0",,,,,,,,
219,1957-10-06,299.0,42.13333,-71.96667,"CHARLTON MASONIC HM, MA US",0.00,",,0",0.0,",,0",0.0,",,0",USC00191345,67,",,0",45,",,0",58,",,0",,,,,,,,
220,1957-10-07,299.0,42.13333,-71.96667,"CHARLTON MASONIC HM, MA US",0.44,",,0",0.0,",,0",0.0,",,0",USC00191345,58,",,0",46,",,0",55,",,0",,,    1,",,0",,,,
221,1957-10-08,299.0,42.13333,-71.96667,"CHARLTON MASONIC HM, MA US",0.95,",,0",0.0,",,0",0.0,",,0",USC00191345,56,",,0",53,",,0",54,",,0",,,,,,,,
222,1957-10-09,299.0,42.13333,-71.96667,"CHARLTON MASONIC HM, MA US",0.30,",,0",0.0,",,0",0.0,",,0",USC00191345,70,",,0",54,",,0",67,",,0",,,,,,,,
223,1957-10-10,299.0,42.13333,-71.96667,"CHARLTON MASONIC HM, MA US",0.00,",,0",0.0,",,0",0.0,",,0",USC00191345,67,",,0",46,",,0",60,",,0",,,,,,,,
224,1957-10-11,299.0,42.13333,-71.96667,"CHARLTON MASONIC HM, MA US",0.00,",,0",0.0,",,0",0.0,",,0",USC00191345,60,",,0",34,",,0",44,",,0",,,,,,,,
225,1957-10-12,299.0,42.13333,-71.96667,"CHARLTON MASONIC HM, MA US",0.00,",,0",0.0,",,0",0.0,",,0",USC00191345,56,",,0",30,",,0",51,",,0",,,,,,,,
226,1957-10-13,299.0,42.13333,-71.96667,"CHARLTON MASONIC HM, MA US",0.00,",,0",0.0,",,0",0.0,",,0",USC00191345,62,",,0",32,",,0",60,",,0",,,,,,,,
227,1957-10-14,299.0,42.13333,-71.96667,"CHARLTON MASONIC HM, MA US",0.00,",,0",0.0,",,0",0.0,",,0",USC00191345,63,",,0",33,",,0",57,",,0",,,,,,,,
228,1957-10-15,299.0,42.13333,-71.96667,"CHARLTON MASONIC HM, MA US",0.00,",,0",0.0,",,0",0.0,",,0",USC00191345,64,",,0",34,",,0",64,",,0",,,,,,,,
229,1957-10-16,299.0,42.13333,-71.96667,"CHARLTON MASONIC HM, MA US",0.00,",,0",0.0,",,0",0.0,",,0",USC00191345,74,",,0",39,",,0",65,",,0",,,,,,,,
230,1957-10-17,299.0,42.13333,-71.96667,"CHARLTON MASONIC HM, MA US",0.00,",,0",0.0,",,0",0.0,",,0",USC00191345,66,",,0",42,",,0",65,",,0",    1,",,0",,,,,,
231,1957-10-18,299.0,42.13333,-71.96667,"CHARLTON MASONIC HM, MA US",0.40,",,0",0.0,",,0",0.0,",,0",USC00191345,67,",,0",43,",,0",58,",,0",    1,",,0",,,,,,
232,1957-10-19,299.0,42.13333,-71.96667,"CHARLTON MASONIC HM, MA US",0.95,",,0",0.0,",,0",0.0,",,0",USC00191345,59,",,0",40,",,0",47,",,0",,,,,,,,
233,1957-10-20,299.0,42.13333,-71.96667,"CHARLTON MASONIC HM, MA US",0.00,",,0",0.0,",,0",0.0,",,0",USC00191345,55,",,0",34,",,0",49,",,0",,,,,,,,
234,1957-10-21,299.0,42.13333,-71.96667,"CHARLTON MASONIC HM, MA US",0.00,",,0",0.0,",,0",0.0,",,0",USC00191345,49,",,0",30,",,0",48,",,0",,,,,,,,
235,1957-10-22,299.0,42.13333,-71.96667,"CHARLTON MASONIC HM, MA US",0.00,",,0",0.0,",,0",0.0,",,0",USC00191345,62,",,0",40,",,0",55,",,0",    1,",,0",,,,,,
236,1957-10-23,299.0,42.13333,-71.96667,"CHARLTON MASONIC HM, MA US",0.00,",,0",0.0,",,0",0.0,",,0",USC00191345,65,",,0",49,",,0",60,",,0",,,,,,,,
237,1957-10-24,299.0,42.13333,-71.96667,"CHARLTON MASONIC HM, MA US",0.04,",,0",0.0,",,0",0.0,",,0",USC00191345,62,",,0",50,",,0",57,",,0",,,,,,,,
238,1957-10-25,299.0,42.13333,-71.96667,"CHARLTON MASONIC HM, MA US",0.57,",,0",0.0,",,0",0.0,",,0",USC00191345,59,",,0",34,",,0",43,",,0",,,,,,,,
239,1957-10-26,299.0,42.13333,-71.96667,"CHARLTON MASONIC HM, MA US",0.00,",,0",0.0,",,0",0.0,",,0",USC00191345,44,",,0",32,",,0",38,",,0",,,,,,,,
240,1957-10-27,299.0,42.13333,-71.96667,"CHARLTON MASONIC HM, MA US",0.00,",,0",0.0,",,0",0.0,",,0",USC00191345,38,",,0",31,",,0",36,",,0",,,,,,,,
241,1957-10-28,299.0,42.13333,-71.96667,"CHARLTON MASONIC HM, MA US",0.00,",,0",0.0,",,0",0.0,",,0",USC00191345,42,",,0",28,",,0",40,",,0",,,,,,,,
242,1957-10-29,299.0,42.13333,-71.96667,"CHARLTON MASONIC HM, MA US",0.00,",,0",0.0,",,0",0.0,",,0",USC00191345,56,",,0",34,",,0",53,",,0",,,,,,,,
243,1957-10-30,299.0,42.13333,-71.96667,"CHARLTON MASONIC HM, MA US",0.00,",,0",0.0,",,0",0.0,",,0",USC00191345,61,",,0",38,",,0",56,",,0",    1,",,0",,,,,,
244,1957-10-31,299.0,42.13333,-71.96667,"CHARLTON MASONIC HM, MA US",0.00,",,0",0.0,",,0",0.0,",,0",USC00191345,64,",,0",48,",,0",60,",,0",,,,,,,,
245,1957-11-01,299.0,42.13333,-71.96667,"CHARLTON MASONIC HM, MA US",0.27,",,0",0.0,",,0",0.0,",,0",USC00191345,61,",,0",48,",,0",49,",I,0",    1,",,0",,,,,,
246,1957-11-02,299.0,42.13333,-71.96667,"CHARLTON MASONIC HM, MA US",0.44,",,0",0.0,",,0",0.0,",,0",USC00191345,56,",,0",52,",I,0",54,",,0",    1,",,0",,,,,,
247,1957-11-03,299.0,42.13333,-71.96667,"CHARLTON MASONIC HM, MA US",0.49,",,0",0.0,",,0",0.0,",,0",USC00191345,56,",,0",53,",,0",53,",,0",,,,,,,,
248,1957-11-04,299.0,42.13333,-71.96667,"CHARLTON MASONIC HM, MA US",0.04,",,0",0.0,",,0",0.0,",,0",USC00191345,55,",,0",46,",,0",50,",,0",,,,,,,,
249,1957-11-05,299.0,42.13333,-71.96667,"CHARLTON MASONIC HM, MA US",0.00,",,0",0.0,",,0",0.0,",,0",USC00191345,52,",,0",44,",,0",48,",,0",,,,,,,,
250,1957-11-06,299.0,42.13333,-71.96667,"CHARLTON MASONIC HM, MA US",0.00,",,0",0.0,",,0",0.0,",,0",USC00191345,56,",,0",33,",,0",45,",,0",,,,,,,,
251,1957-11-07,299.0,42.13333,-71.96667,"CHARLTON MASONIC HM, MA US",0.00,",,0",0.0,",,0",0.0,",,0",USC00191345,58,",,0",32,",,0",56,",,0",,,,,,,,
252,1957-11-08,299.0,42.13333,-71.96667,"CHARLTON MASONIC HM, MA US",0.00,",,0",0.0,",,0",0.0,",,0",USC00191345,57,",,0",35,",,0",55,",,0",,,,,,,,
253,1957-11-09,299.0,42.13333,-71.96667,"CHARLTON MASONIC HM, MA US",0.70,",,0",0.0,",,0",0.0,",,0",USC00191345,55,",,0",43,",,0",46,",,0",,,    1,",,0",,,,
254,1957-11-10,299.0,42.13333,-71.96667,"CHARLTON MASONIC HM, MA US",0.00,",,0",0.0,",,0",0.0,",,0",USC00191345,46,",,0",26,",,0",34,",,0",,,,,,,,
255,1957-11-11,299.0,42.13333,-71.96667,"CHARLTON MASONIC HM, MA US",0.00,",,0",0.0,",,0",0.0,",,0",USC00191345,36,",,0",28,",,0",33,",,0",,,,,,,,
256,1957-11-12,299.0,42.13333,-71.96667,"CHARLTON MASONIC HM, MA US",0.00,",,0",0.0,",,0",0.0,",,0",USC00191345,56,",,0",24,",,0",48,",,0",,,,,,,,
257,1957-11-13,299.0,42.13333,-71.96667,"CHARLTON MASONIC HM, MA US",0.00,",,0",0.0,",,0",0.0,",,0",USC00191345,51,",,0",36,",,0",47,",,0",,,,,,,,
258,1957-11-14,299.0,42.13333,-71.96667,"CHARLTON MASONIC HM, MA US",0.00,",,0",0.0,",,0",0.0,",,0",USC00191345,59,",,0",38,",,0",53,",,0",    1,",,0",,,,,,
259,1957-11-15,299.0,42.13333,-71.96667,"CHARLTON MASONIC HM, MA US",0.83,",,0",0.0,",,0",0.0,",,0",USC00191345,65,",,0",49,",,0",57,",,0",    1,",,0",,,,,,
260,1957-11-16,299.0,42.13333,-71.96667,"CHARLTON MASONIC HM, MA US",0.00,",,0",0.0,",,0",0.0,",,0",USC00191345,62,",,0",48,",,0",54,",,0",,,,,,,,
261,1957-11-17,299.0,42.13333,-71.96667,"CHARLTON MASONIC HM, MA US",0.03,",,0",0.0,",,0",0.0,",,0",USC00191345,56,",,0",45,",,0",49,",,0",,,,,,,,
262,1957-11-18,299.0,42.13333,-71.96667,"CHARLTON MASONIC HM, MA US",0.00,",,0",0.0,",,0",0.0,",,0",USC00191345,51,",,0",36,",,0",45,",,0",,,,,,,,
263,1957-11-19,299.0,42.13333,-71.96667,"CHARLTON MASONIC HM, MA US",0.74,",,0",0.0,",,0",0.0,",,0",USC00191345,64,",,0",40,",,0",62,",,0",    1,",,0",,,,,,
264,1957-11-20,299.0,42.13333,-71.96667,"CHARLTON MASONIC HM, MA US",0.60,",,0",0.0,",,0",0.0,",,0",USC00191345,63,",,0",34,",,0",50,",,0",,,,,,,,
265,1957-11-21,299.0,42.13333,-71.96667,"CHARLTON MASONIC HM, MA US",0.00,",,0",0.0,",,0",0.0,",,0",USC00191345,50,",,0",27,",,0",43,",,0",,,,,,,,
266,1957-11-22,299.0,42.13333,-71.96667,"CHARLTON MASONIC HM, MA US",0.00,",,0",0.0,",,0",0.0,",,0",USC00191345,44,",,0",32,",,0",39,",,0",,,,,,,,
267,1957-11-23,299.0,42.13333,-71.96667,"CHARLTON MASONIC HM, MA US",0.00,",,0",0.0,",,0",0.0,",,0",USC00191345,40,",,0",27,",,0",33,",,0",,,,,,,,
268,1957-11-24,299.0,42.13333,-71.96667,"CHARLTON MASONIC HM, MA US",0.00,",,0",0.0,",,0",0.0,",,0",USC00191345,44,",,0",24,",,0",40,",,0",,,,,,,,
269,1957-11-25,299.0,42.13333,-71.96667,"CHARLTON MASONIC HM, MA US",0.00,",,0",0.0,",,0",0.0,",,0",USC00191345,42,",,0",29,",,0",32,",,0",,,,,,,,
270,1957-11-26,299.0,42.13333,-71.96667,"CHARLTON MASONIC HM, MA US",0.00,",,0",0.0,",,0",0.0,",,0",USC00191345,32,",,0",19,",,0",30,",,0",,,,,,,,
271,1957-11-27,299.0,42.13333,-71.96667,"CHARLTON MASONIC HM, MA US",0.00,",,0",0.0,",,0",0.0,",,0",USC00191345,37,",,0",8,",,0",33,",,0",,,,,,,,
272,1957-11-28,299.0,42.13333,-71.96667,"CHARLTON MASONIC HM, MA US",0.00,",,0",0.0,",,0",0.0,",,0",USC00191345,59,",,0",28,",,0",49,",,0",,,,,,,,
273,1957-11-29,299.0,42.13333,-71.96667,"CHARLTON MASONIC HM, MA US",0.20,",,0",0.0,",,0",0.0,",,0",USC00191345,60,",,0",48,",,0",51,",,0",,,,,,,,
274,1957-11-30,299.0,42.13333,-71.96667,"CHARLTON MASONIC HM, MA US",0.93,",,0",0.0,",,0",0.0,",,0",USC00191345,52,",,0",32,",,0",42,",,0",    1,",,0",,,,,,
275,1957-12-01,299.0,42.13333,-71.96667,"CHARLTON MASONIC HM, MA US",0.00,",,0",,,,,USC00191345,43,",,0",27,",,0",29,",,0",,,,,,,,
276,1957-12-02,299.0,42.13333,-71.96667,"CHARLTON MASONIC HM, MA US",0.00,",,0",,,,,USC00191345,46,",,0",25,",,0",35,",,0",,,,,,,,
277,1957-12-03,299.0,42.13333,-71.96667,"CHARLTON MASONIC HM, MA US",0.00,",,0",,,,,USC00191345,36,",,0",21,",,0",30,",,0",,,,,,,,
278,1957-12-04,299.0,42.13333,-71.96667,"CHARLTON MASONIC HM, MA US",0.00,",,0",,,,,USC00191345,32,",,0",24,",,0",27,",,0",,,,,,,,
279,1957-12-05,299.0,42.13333,-71.96667,"CHARLTON MASONIC HM, MA US",0.00,",,0",,,,,USC00191345,35,",,0",27,",,0",33,",,0",,,,,,,,
280,1957-12-06,299.0,42.13333,-71.96667,"CHARLTON MASONIC HM, MA US",0.00,",,0",,,,,USC00191345,38,",,0",17,",,0",36,",,0",,,,,,,,
281,1957-12-07,299.0,42.13333,-71.96667,"CHARLTON MASONIC HM, MA US",0.21,",,0",,,,,USC00191345,46,",,0",35,",,0",44,",,0",    1,",,0",,,,,,
282,1957-12-08,299.0,42.13333,-71.96667,"CHARLTON MASONIC HM, MA US",0.12,",,0",,,,,USC00191345,50,",,0",32,",,0",40,",,0",    1,",,0",,,,,,
283,1957-12-09,299.0,42.13333,-71.96667,"CHARLTON MASONIC HM, MA US",0.58,",,0",,,,,USC00191345,40,",,0",31,",,0",32,",,0",    1,",,0",,,,,,
284,1957-12-10,299.0,42.13333,-71.96667,"CHARLTON MASONIC HM, MA US",1.26,",,0",,,,,USC00191345,35,",,0",30,",,0",33,",,0",    1,",,0",,,,,,
285,1957-12-11,299.0,42.13333,-71.96667,"CHARLTON MASONIC HM, MA US",0.55,",,0",,,,,USC00191345,38,",,0",29,",,0",34,",,0",,,,,,,,
286,1957-12-12,299.0,42.13333,-71.96667,"CHARLTON MASONIC HM, MA US",0.45,",,0",,,,,USC00191345,34,",,0",13,",,0",31,",,0",,,,,,,,
287,1957-12-13,299.0,42.13333,-71.96667,"CHARLTON MASONIC HM, MA US",0.00,",,0",,,,,USC00191345,31,",,0",8,",,0",21,",,0",,,,,,,,
288,1957-12-14,299.0,42.13333,-71.96667,"CHARLTON MASONIC HM, MA US",0.00,",,0",,,,,USC00191345,44,",,0",17,",,0",38,",,0",,,,,,,,
289,1957-12-15,299.0,42.13333,-71.96667,"CHARLTON MASONIC HM, MA US",0.04,",,0",,,,,USC00191345,42,",,0",28,",,0",34,",,0",,,,,,,,
290,1957-12-16,299.0,42.13333,-71.96667,"CHARLTON MASONIC HM, MA US",0.06,",,0",,,,,USC00191345,38,",,0",26,",,0",35,",,0",,,,,    1,",,0",,
291,1957-12-17,299.0,42.13333,-71.96667,"CHARLTON MASONIC HM, MA US",0.00,",,0",,,,,USC00191345,39,",,0",30,",,0",36,",,0",,,,,,,,
292,1957-12-18,299.0,42.13333,-71.96667,"CHARLTON MASONIC HM, MA US",0.00,",,0",,,,,USC00191345,38,",,0",19,",,0",30,",I,0",,,,,,,,
293,1957-12-19,299.0,42.13333,-71.96667,"CHARLTON MASONIC HM, MA US",0.00,",,0",,,,,USC00191345,49,",,0",32,",I,0",48,",,0",    1,",,0",,,,,,
294,1957-12-20,299.0,42.13333,-71.96667,"CHARLTON MASONIC HM, MA US",0.04,",,0",,,,,USC00191345,58,",,0",48,",,0",58,",,0",    1,",,0",,,,,,
295,1957-12-21,299.0,42.13333,-71.96667,"CHARLTON MASONIC HM, MA US",1.44,",,0",,,,,USC00191345,66,",,0",57,",,0",57,",,0",,,,,,,,
296,1957-12-22,299.0,42.13333,-71.96667,"CHARLTON MASONIC HM, MA US",0.00,",,0",,,,,USC00191345,57,",,0",35,",,0",46,",,0",,,,,,,,
297,1957-12-23,299.0,42.13333,-71.96667,"CHARLTON MASONIC HM, MA US",0.00,",,0",,,,,USC00191345,53,",,0",33,",,0",51,",,0",,,,,,,,
298,1957-12-24,299.0,42.13333,-71.96667,"CHARLTON MASONIC HM, MA US",0.00,"T,,0",,,,,USC00191345,51,",,0",38,",,0",47,",,0",,,,,,,,
299,1957-12-25,299.0,42.13333,-71.96667,"CHARLTON MASONIC HM, MA US",0.00,",,0",,,,,USC00191345,50,",,0",23,",,0",43,",,0",,,,,,,,
300,1957-12-26,299.0,42.13333,-71.96667,"CHARLTON MASONIC HM, MA US",0.80,",,0",,,,,USC00191345,52,",,0",31,",,0",50,",,0",,,,,,,,
301,1957-12-27,299.0,42.13333,-71.96667,"CHARLTON MASONIC HM, MA US",0.78,",,0",,,,,USC00191345,50,",,0",38,",,0",40,",,0",,,,,,,,
302,1957-12-28,299.0,42.13333,-71.96667,"CHARLTON MASONIC HM, MA US",0.00,",,0",,,,,USC00191345,46,",,0",32,",,0",44,",,0",,,,,,,,
303,1957-12-29,299.0,42.13333,-71.96667,"CHARLTON MASONIC HM, MA US",0.23,",,0",,,,,USC00191345,46,",,0",40,",,0",46,",,0",    1,",,0",,,,,,
304,1957-12-30,299.0,42.13333,-71.96667,"CHARLTON MASONIC HM, MA US",0.00,",,0",,,,,USC00191345,46,",,0",25,",,0",36,",,0",,,,,,,,
305,1957-12-31,299.0,42.13333,-71.96667,"CHARLTON MASONIC HM, MA US",0.00,",,0",,,,,USC00191345,44,",,0",30,",,0",41,",,0",,,,,,,,
306,1958-01-01,299.0,42.13333,-71.96667,"CHARLTON MASONIC HM, MA US",0.92,",,0",,,,,USC00191345,47,",,0",36,",,0",39,",,0",    1,",,0",,,,,,
307,1958-01-02,299.0,42.13333,-71.96667,"CHARLTON MASONIC HM, MA US",0.00,",,0",,,,,USC00191345,41,",,0",18,",,0",24,",,0",,,,,,,,
308,1958-01-03,299.0,42.13333,-71.96667,"CHARLTON MASONIC HM, MA US",0.00,",,0",,,,,USC00191345,25,",,0",15,",,0",20,",,0",,,,,,,,
309,1958-01-04,299.0,42.13333,-71.96667,"CHARLTON MASONIC HM, MA US",0.00,",,0",,,,,USC00191345,22,",,0",-2,",,0",19,",,0",,,,,,,,
310,1958-01-05,299.0,42.13333,-71.96667,"CHARLTON MASONIC HM, MA US",0.00,",,0",,,,,USC00191345,26,",,0",0,",,0",23,",,0",,,,,,,,
311,1958-01-06,299.0,42.13333,-71.96667,"CHARLTON MASONIC HM, MA US",0.00,",,0",,,,,USC00191345,38,",,0",12,",,0",35,",,0",,,,,,,,
312,1958-01-07,299.0,42.13333,-71.96667,"CHARLTON MASONIC HM, MA US",0.00,",,0",,,,,USC00191345,39,",,0",27,",,0",31,",,0",,,,,,,,
313,1958-01-08,299.0,42.13333,-71.96667,"CHARLTON MASONIC HM, MA US",0.16,",,0",,,,,USC00191345,34,",,0",24,",,0",26,",,0",,,,,,,,
314,1958-01-09,299.0,42.13333,-71.96667,"CHARLTON MASONIC HM, MA US",0.00,",,0",,,,,USC00191345,32,",,0",12,",,0",25,",,0",,,,,,,,
315,1958-01-10,299.0,42.13333,-71.96667,"CHARLTON MASONIC HM, MA US",0.00,",,0",,,,,USC00191345,34,",,0",4,",,0",28,",,0",,,,,,,,
316,1958-01-11,299.0,42.13333,-71.96667,"CHARLTON MASONIC HM, MA US",0.00,",,0",,,,,USC00191345,35,",,0",21,",,0",26,",,0",,,,,,,,
317,1958-01-12,299.0,42.13333,-71.96667,"CHARLTON MASONIC HM, MA US",0.00,",,0",,,,,USC00191345,29,",,0",5,",,0",22,",,0",,,,,,,,
318,1958-01-13,299.0,42.13333,-71.96667,"CHARLTON MASONIC HM, MA US",0.00,",,0",,,,,USC00191345,40,",,0",16,",,0",35,",,0",,,,,,,,
319,1958-01-14,299.0,42.13333,-71.96667,"CHARLTON MASONIC HM, MA US",0.00,",,0",,,,,USC00191345,38,",,0",19,",,0",26,",,0",,,,,,,,
320,1958-01-15,299.0,42.13333,-71.96667,"CHARLTON MASONIC HM, MA US",0.09,",,0",,,,,USC00191345,36,",,0",23,",,0",34,",,0",,,,,,,,
321,1958-01-16,299.0,42.13333,-71.96667,"CHARLTON MASONIC HM, MA US",0.14,",,0",,,,,USC00191345,35,",,0",28,",,0",32,",,0",    1,",,0",,,,,,
322,1958-01-17,299.0,42.13333,-71.96667,"CHARLTON MASONIC HM, MA US",0.00,",,0",,,,,USC00191345,36,",,0",23,",,0",29,",,0",,,,,,,,
323,1958-01-18,299.0,42.13333,-71.96667,"CHARLTON MASONIC HM, MA US",0.00,",,0",,,,,USC00191345,37,",,0",18,",,0",33,",,0",,,,,,,,
324,1958-01-19,299.0,42.13333,-71.96667,"CHARLTON MASONIC HM, MA US",0.00,"T,,0",,,,,USC00191345,33,",,0",10,",,0",15,",,0",,,,,,,,
325,1958-01-20,299.0,42.13333,-71.96667,"CHARLTON MASONIC HM, MA US",0.00,",,0",,,,,USC00191345,26,",,0",8,",,0",21,",,0",,,,,,,,
326,1958-01-21,299.0,42.13333,-71.96667,"CHARLTON MASONIC HM, MA US",0.00,",,0",,,,,USC00191345,33,",,0",16,",,0",30,",,0",,,,,,,,
327,1958-01-22,299.0,42.13333,-71.96667,"CHARLTON MASONIC HM, MA US",1.20,",,0",,,,,USC00191345,46,",,0",30,",,0",42,",,0",    1,",,0",,,,,,
328,1958-01-23,299.0,42.13333,-71.96667,"CHARLTON MASONIC HM, MA US",0.00,"T,,0",,,,,USC00191345,43,",,0",32,",,0",32,",,0",,,,,,,,
329,1958-01-24,299.0,42.13333,-71.96667,"CHARLTON MASONIC HM, MA US",0.00,",,0",,,,,USC00191345,38,",,0",19,",,0",30,",,0",,,,,,,,
330,1958-01-25,299.0,42.13333,-71.96667,"CHARLTON MASONIC HM, MA US",0.80,",,0",,,,,USC00191345,38,",,0",30,",,0",34,",,0",    1,",,0",,,,,,
331,1958-01-26,299.0,42.13333,-71.96667,"CHARLTON MASONIC HM, MA US",0.07,",,0",,,,,USC00191345,38,",,0",31,",,0",36,",,0",    1,",,0",,,,,,
332,1958-01-27,299.0,42.13333,-71.96667,"CHARLTON MASONIC HM, MA US",0.26,",,0",,,,,USC00191345,38,",,0",34,",,0",36,",,0",    1,",,0",,,,,,
333,1958-01-28,299.0,42.13333,-71.96667,"CHARLTON MASONIC HM, MA US",0.30,",,0",,,,,USC00191345,37,",,0",30,",,0",32,",,0",    1,",,0",,,,,,
334,1958-01-29,299.0,42.13333,-71.96667,"CHARLTON MASONIC HM, MA US",0.14,",,0",,,,,USC00191345,36,",,0",31,",,0",34,",,0",,,,,,,,
335,1958-01-30,299.0,42.13333,-71.96667,"CHARLTON MASONIC HM, MA US",0.00,",,0",,,,,USC00191345,41,",,0",28,",,0",36,",,0",,,,,,,,
336,1958-01-31,299.0,42.13333,-71.96667,"CHARLTON MASONIC HM, MA US",0.00,",,0",,,,,USC00191345,39,",,0",23,",,0",35,",,0",,,,,,,,
337,1958-02-01,299.0,42.13333,-71.96667,"CHARLTON MASONIC HM, MA US",0.00,",,0",,,,,USC00191345,35,",,0",18,",,0",31,",,0",,,,,,,,
338,1958-02-02,299.0,42.13333,-71.96667,"CHARLTON MASONIC HM, MA US",0.00,",,0",,,,,USC00191345,32,",,0",23,",,0",32,",,0",,,,,,,,
339,1958-02-03,299.0,42.13333,-71.96667,"CHARLTON MASONIC HM, MA US",0.00,",,0",,,,,USC00191345,33,",,0",17,",,0",24,",,0",,,,,,,,
340,1958-02-04,299.0,42.13333,-71.96667,"CHARLTON MASONIC HM, MA US",0.00,",,0",,,,,USC00191345,25,",,0",4,",,0",22,",,0",,,,,,,,
341,1958-02-05,299.0,42.13333,-71.96667,"CHARLTON MASONIC HM, MA US",0.00,",,0",,,,,USC00191345,33,",,0",13,",,0",31,",,0",,,,,,,,
342,1958-02-06,299.0,42.13333,-71.96667,"CHARLTON MASONIC HM, MA US",0.00,",,0",,,,,USC00191345,37,",,0",18,",,0",35,",,0",,,,,,,,
343,1958-02-07,299.0,42.13333,-71.96667,"CHARLTON MASONIC HM, MA US",0.00,",,0",,,,,USC00191345,43,",,0",22,",,0",32,",,0",,,,,,,,
344,1958-02-08,299.0,42.13333,-71.96667,"CHARLTON MASONIC HM, MA US",0.48,",,0",,,,,USC00191345,35,",,0",26,",,0",28,",,0",,,,,,,,
345,1958-02-09,299.0,42.13333,-71.96667,"CHARLTON MASONIC HM, MA US",0.00,",,0",,,,,USC00191345,30,",,0",8,",,0",16,",,0",,,,,,,,
346,1958-02-10,299.0,42.13333,-71.96667,"CHARLTON MASONIC HM, MA US",0.00,",,0",,,,,USC00191345,21,",,0",3,",,0",18,",,0",,,,,,,,
347,1958-02-11,299.0,42.13333,-71.96667,"CHARLTON MASONIC HM, MA US",0.00,",,0",,,,,USC00191345,23,",,0",4,",,0",21,",,0",,,,,,,,
348,1958-02-12,299.0,42.13333,-71.96667,"CHARLTON MASONIC HM, MA US",0.00,",,0",,,,,USC00191345,32,",,0",8,",,0",29,",,0",,,,,,,,
349,1958-02-13,299.0,42.13333,-71.96667,"CHARLTON MASONIC HM, MA US",0.00,",,0",,,,,USC00191345,33,",,0",9,",,0",20,",,0",,,,,,,,
350,1958-02-14,299.0,42.13333,-71.96667,"CHARLTON MASONIC HM, MA US",0.00,",,0",,,,,USC00191345,21,",,0",2,",,0",19,",,0",,,,,,,,
351,1958-02-15,299.0,42.13333,-71.96667,"CHARLTON MASONIC HM, MA US",0.00,",,0",,,,,USC00191345,31,",,0",8,",,0",26,",,0",,,,,,,,
352,1958-02-16,299.0,42.13333,-71.96667,"CHARLTON MASONIC HM, MA US",0.87,",,0",,,,,USC00191345,26,",,0",9,",,0",15,",,0",,,,,,,,
353,1958-02-17,299.0,42.13333,-71.96667,"CHARLTON MASONIC HM, MA US",0.00,",,0",,,,,USC00191345,17,",,0",2,",,0",8,",,0",,,,,,,,
354,1958-02-18,299.0,42.13333,-71.96667,"CHARLTON MASONIC HM, MA US",0.00,",,0",,,,,USC00191345,12,",,0",-6,",,0",11,",,0",,,,,,,,
355,1958-02-19,299.0,42.13333,-71.96667,"CHARLTON MASONIC HM, MA US",0.00,",,0",,,,,USC00191345,22,",,0",2,",,0",20,",,0",,,,,,,,
356,1958-02-20,299.0,42.13333,-71.96667,"CHARLTON MASONIC HM, MA US",0.00,",,0",,,,,USC00191345,29,",,0",8,",,0",29,",,0",,,,,,,,
357,1958-02-21,299.0,42.13333,-71.96667,"CHARLTON MASONIC HM, MA US",0.00,",,0",,,,,USC00191345,32,",,0",22,",,0",28,",,0",,,,,,,,
358,1958-02-22,299.0,42.13333,-71.96667,"CHARLTON MASONIC HM, MA US",0.06,",,0",,,,,USC00191345,41,",,0",27,",,0",37,",,0",    1,",,0",,,,,,
359,1958-02-23,299.0,42.13333,-71.96667,"CHARLTON MASONIC HM, MA US",0.00,",,0",,,,,USC00191345,39,",,0",14,",,0",32,",,0",,,,,,,,
360,1958-02-24,299.0,42.13333,-71.96667,"CHARLTON MASONIC HM, MA US",0.00,",,0",,,,,USC00191345,42,",,0",20,",,0",40,",,0",,,,,,,,
361,1958-02-25,299.0,42.13333,-71.96667,"CHARLTON MASONIC HM, MA US",0.07,",,0",,,,,USC00191345,42,",,0",38,",,0",38,",,0",,,,,,,,
362,1958-02-26,299.0,42.13333,-71.96667,"CHARLTON MASONIC HM, MA US",0.00,",,0",,,,,USC00191345,46,",,0",23,",,0",42,",,0",,,,,,,,
363,1958-02-27,299.0,42.13333,-71.96667,"CHARLTON MASONIC HM, MA US",0.00,",,0",,,,,USC00191345,43,",,0",27,",,0",33,",,0",,,,,,,,
364,1958-02-28,299.0,42.13333,-71.96667,"CHARLTON MASONIC HM, MA US",0.79,",,0",,,,,USC00191345,38,",,0",33,",,0",34,",,0",,,,,,,,
365,1958-06-01,299.0,42.13333,-71.96667,"CHARLTON MASONIC HM, MA US",0.00,",,0",0.0,",,0",0.0,",,0",USC00191345,80,",,0",,,74,",,0",,,,,,,,
366,1958-06-02,299.0,42.13333,-71.96667,"CHARLTON MASONIC HM, MA US",0.30,",,0",0.0,",,0",0.0,",,0",USC00191345,74,",,0",,,54,",,0",    1,",,0",,,,,,
367,1958-06-03,299.0,42.13333,-71.96667,"CHARLTON MASONIC HM, MA US",0.12,",,0",0.0,",,0",0.0,",,0",USC00191345,70,",,0",,,69,",,0",,,,,,,,
368,1958-06-04,299.0,42.13333,-71.96667,"CHARLTON MASONIC HM, MA US",0.00,",,0",0.0,",,0",0.0,",,0",USC00191345,70,",,0",,,66,",,0",,,,,,,,
369,1958-06-05,299.0,42.13333,-71.96667,"CHARLTON MASONIC HM, MA US",0.00,",,0",0.0,",,0",0.0,",,0",USC00191345,72,",,0",,,66,",,0",,,,,,,,
370,1958-06-06,299.0,42.13333,-71.96667,"CHARLTON MASONIC HM, MA US",0.06,",,0",0.0,",,0",0.0,",,0",USC00191345,67,",,0",,,63,",,0",    1,",,0",,,,,,
371,1958-06-07,299.0,42.13333,-71.96667,"CHARLTON MASONIC HM, MA US",0.00,",,0",0.0,",,0",0.0,",,0",USC00191345,67,",,0",,,67,",,0",,,,,,,,
372,1958-06-08,299.0,42.13333,-71.96667,"CHARLTON MASONIC HM, MA US",0.00,",,0",0.0,",,0",0.0,",,0",USC00191345,68,",,0",,,65,",,0",    1,",,0",,,,,,
373,1958-06-09,299.0,42.13333,-71.96667,"CHARLTON MASONIC HM, MA US",0.11,",,0",0.0,",,0",0.0,",,0",USC00191345,74,",,0",,,72,",,0",    1,",,0",,,,,,
374,1958-06-10,299.0,42.13333,-71.96667,"CHARLTON MASONIC HM, MA US",0.03,",,0",0.0,",,0",0.0,",,0",USC00191345,72,",,0",,,55,",,0",,,,,,,,
375,1958-06-11,299.0,42.13333,-71.96667,"CHARLTON MASONIC HM, MA US",0.02,",,0",0.0,",,0",0.0,",,0",USC00191345,73,",,0",,,72,",,0",,,,,,,,
376,1958-06-12,299.0,42.13333,-71.96667,"CHARLTON MASONIC HM, MA US",0.17,",,0",0.0,",,0",0.0,",,0",USC00191345,79,",,0",,,77,",,0",,,,,,,,
377,1958-06-13,299.0,42.13333,-71.96667,"CHARLTON MASONIC HM, MA US",0.00,",,0",0.0,",,0",0.0,",,0",USC00191345,77,",,0",,,69,",,0",,,,,,,,
378,1958-06-14,299.0,42.13333,-71.96667,"CHARLTON MASONIC HM, MA US",0.05,",,0",0.0,",,0",0.0,",,0",USC00191345,69,",,0",,,65,",,0",,,,,,,,
379,1958-06-15,299.0,42.13333,-71.96667,"CHARLTON MASONIC HM, MA US",0.00,",,0",0.0,",,0",0.0,",,0",USC00191345,66,",,0",,,65,",,0",,,,,,,,
380,1958-06-16,299.0,42.13333,-71.96667,"CHARLTON MASONIC HM, MA US",0.00,",,0",0.0,",,0",0.0,",,0",USC00191345,69,",,0",,,65,",,0",,,,,,,,
381,1958-06-17,299.0,42.13333,-71.96667,"CHARLTON MASONIC HM, MA US",0.00,",,0",0.0,",,0",0.0,",,0",USC00191345,65,",,0",,,55,",,0",,,,,,,,
382,1958-06-18,299.0,42.13333,-71.96667,"CHARLTON MASONIC HM, MA US",0.00,",,0",0.0,",,0",0.0,",,0",USC00191345,67,",,0",,,64,",,0",,,,,,,,
383,1958-06-19,299.0,42.13333,-71.96667,"CHARLTON MASONIC HM, MA US",0.28,",,0",0.0,",,0",0.0,",,0",USC00191345,64,",,0",,,54,",,0",    1,",,0",,,,,,
384,1958-06-20,299.0,42.13333,-71.96667,"CHARLTON MASONIC HM, MA US",0.00,",,0",0.0,",,0",0.0,",,0",USC00191345,58,",,0",,,53,",,0",    1,",,0",,,,,,
385,1958-06-21,299.0,42.13333,-71.96667,"CHARLTON MASONIC HM, MA US",0.05,",,0",0.0,",,0",0.0,",,0",USC00191345,62,",,0",,,60,",,0",    1,",,0",,,,,,
386,1958-06-22,299.0,42.13333,-71.96667,"CHARLTON MASONIC HM, MA US",0.53,",,0",0.0,",,0",0.0,",,0",USC00191345,72,",,0",,,70,",,0",    1,",,0",,,,,,
387,1958-06-23,299.0,42.13333,-71.96667,"CHARLTON MASONIC HM, MA US",0.00,",,0",0.0,",,0",0.0,",,0",USC00191345,70,",,0",,,68,",,0",,,,,,,,
388,1958-06-24,299.0,42.13333,-71.96667,"CHARLTON MASONIC HM, MA US",0.00,",,0",0.0,",,0",0.0,",,0",USC00191345,76,",,0",,,75,",,0",,,,,,,,
389,1958-06-25,299.0,42.13333,-71.96667,"CHARLTON MASONIC HM, MA US",0.00,",,0",0.0,",,0",0.0,",,0",USC00191345,78,",,0",,,73,",,0",,,,,,,,
390,1958-06-26,299.0,42.13333,-71.96667,"CHARLTON MASONIC HM, MA US",0.69,",,0",0.0,",,0",0.0,",,0",USC00191345,79,",,0",,,79,",I,0",    1,",,0",,,,,,
391,1958-06-27,299.0,42.13333,-71.96667,"CHARLTON MASONIC HM, MA US",0.12,",,0",0.0,",,0",0.0,",,0",USC00191345,75,",I,0",,,75,",,0",,,,,,,,
392,1958-06-28,299.0,42.13333,-71.96667,"CHARLTON MASONIC HM, MA US",0.00,",,0",0.0,",,0",0.0,",,0",USC00191345,75,",,0",,,73,",,0",,,,,,,,
393,1958-06-29,299.0,42.13333,-71.96667,"CHARLTON MASONIC HM, MA US",0.00,",,0",0.0,",,0",0.0,",,0",USC00191345,79,",,0",,,78,",,0",,,,,,,,
394,1958-06-30,299.0,42.13333,-71.96667,"CHARLTON MASONIC HM, MA US",0.00,",,0",0.0,",,0",0.0,",,0",USC00191345,84,",,0",,,79,",,0",,,,,,,,
395,1958-07-01,299.0,42.13333,-71.96667,"CHARLTON MASONIC HM, MA US",0.00,",,0",0.0,",,0",0.0,",,0",USC00191345,88,",,0",,,84,",,0",,,,,,,,
396,1958-07-02,299.0,42.13333,-71.96667,"CHARLTON MASONIC HM, MA US",0.00,",,0",0.0,",,0",0.0,",,0",USC00191345,85,",,0",,,84,",,0",,,,,,,,
397,1958-07-03,299.0,42.13333,-71.96667,"CHARLTON MASONIC HM, MA US",0.09,",,0",0.0,",,0",0.0,",,0",USC00191345,85,",,0",,,75,",,0",,,,,,,,
398,1958-07-04,299.0,42.13333,-71.96667,"CHARLTON MASONIC HM, MA US",0.05,",,0",0.0,",,0",0.0,",,0",USC00191345,79,",,0",,,71,",,0",,,,,,,,
399,1958-07-05,299.0,42.13333,-71.96667,"CHARLTON MASONIC HM, MA US",0.16,",,0",0.0,",,0",0.0,",,0",USC00191345,71,",,0",,,66,",,0",    1,",,0",,,,,,
400,1958-07-06,299.0,42.13333,-71.96667,"CHARLTON MASONIC HM, MA US",0.30,",,0",0.0,",,0",0.0,",,0",USC00191345,68,",,0",,,66,",,0",    1,",,0",,,,,,
401,1958-07-07,299.0,42.13333,-71.96667,"CHARLTON MASONIC HM, MA US",0.02,",,0",0.0,",,0",0.0,",,0",USC00191345,80,",,0",,,77,",,0",    1,",,0",,,,,,
402,1958-07-08,299.0,42.13333,-71.96667,"CHARLTON MASONIC HM, MA US",0.02,",,0",0.0,",,0",0.0,",,0",USC00191345,86,",,0",,,77,",,0",    1,",,0",,,,,,
403,1958-07-09,299.0,42.13333,-71.96667,"CHARLTON MASONIC HM, MA US",0.30,",,0",0.0,",,0",0.0,",,0",USC00191345,77,",,0",,,73,",,0",,,,,,,,
404,1958-07-10,299.0,42.13333,-71.96667,"CHARLTON MASONIC HM, MA US",0.00,",,0",0.0,",,0",0.0,",,0",USC00191345,80,",,0",,,76,",,0",,,,,,,,
405,1958-07-11,299.0,42.13333,-71.96667,"CHARLTON MASONIC HM, MA US",0.00,",,0",0.0,",,0",0.0,",,0",USC00191345,81,",,0",,,77,",,0",    1,",,0",,,,,,
406,1958-07-12,299.0,42.13333,-71.96667,"CHARLTON MASONIC HM, MA US",0.41,",,0",0.0,",,0",0.0,",,0",USC00191345,79,",,0",,,76,",,0",    1,",,0",,,,,,
407,1958-07-13,299.0,42.13333,-71.96667,"CHARLTON MASONIC HM, MA US",0.04,",,0",0.0,",,0",0.0,",,0",USC00191345,82,",,0",,,80,",,0",,,,,,,,
408,1958-07-14,299.0,42.13333,-71.96667,"CHARLTON MASONIC HM, MA US",0.06,",,0",0.0,",,0",0.0,",,0",USC00191345,80,",,0",,,68,",,0",    1,",,0",,,,,,
409,1958-07-15,299.0,42.13333,-71.96667,"CHARLTON MASONIC HM, MA US",0.20,",,0",0.0,",,0",0.0,",,0",USC00191345,84,",,0",,,82,",,0",,,,,,,    1,",,0"
410,1958-07-16,299.0,42.13333,-71.96667,"CHARLTON MASONIC HM, MA US",0.33,",,0",0.0,",,0",0.0,",,0",USC00191345,84,",,0",,,74,",,0",    1,",,0",,,,,,
411,1958-07-17,299.0,42.13333,-71.96667,"CHARLTON MASONIC HM, MA US",0.00,",,0",0.0,",,0",0.0,",,0",USC00191345,75,",,0",,,73,",,0",,,,,,,,
412,1958-07-18,299.0,42.13333,-71.96667,"CHARLTON MASONIC HM, MA US",0.00,",,0",0.0,",,0",0.0,",,0",USC00191345,73,",,0",,,71,",,0",,,,,,,,
413,1958-07-19,299.0,42.13333,-71.96667,"CHARLTON MASONIC HM, MA US",0.15,",,0",0.0,",,0",0.0,",,0",USC00191345,74,",,0",,,69,",,0",    1,",,0",,,,,,
414,1958-07-20,299.0,42.13333,-71.96667,"CHARLTON MASONIC HM, MA US",0.00,",,0",0.0,",,0",0.0,",,0",USC00191345,70,",,0",57,",,0",69,",,0",,,,,,,,
415,1958-07-21,299.0,42.13333,-71.96667,"CHARLTON MASONIC HM, MA US",0.00,",,0",0.0,",,0",0.0,",,0",USC00191345,77,",,0",51,",,0",76,",,0",,,,,,,,
416,1958-07-22,299.0,42.13333,-71.96667,"CHARLTON MASONIC HM, MA US",0.07,",,0",0.0,",,0",0.0,",,0",USC00191345,76,",,0",63,",,0",64,",,0",,,,,,,,
417,1958-07-23,299.0,42.13333,-71.96667,"CHARLTON MASONIC HM, MA US",1.20,",,0",0.0,",,0",0.0,",,0",USC00191345,75,",,0",59,",,0",70,",,0",,,,,,,,
418,1958-07-24,299.0,42.13333,-71.96667,"CHARLTON MASONIC HM, MA US",0.00,",,0",0.0,",,0",0.0,",,0",USC00191345,82,",,0",62,",,0",81,",,0",,,,,,,,
419,1958-07-25,299.0,42.13333,-71.96667,"CHARLTON MASONIC HM, MA US",0.00,",,0",0.0,",,0",0.0,",,0",USC00191345,84,",,0",65,",,0",81,",,0",,,,,,,,
420,1958-07-26,299.0,42.13333,-71.96667,"CHARLTON MASONIC HM, MA US",0.00,",,0",0.0,",,0",0.0,",,0",USC00191345,81,",,0",63,",,0",69,",,0",    1,",,0",,,,,,
421,1958-07-27,299.0,42.13333,-71.96667,"CHARLTON MASONIC HM, MA US",0.47,",,0",0.0,",,0",0.0,",,0",USC00191345,69,",,0",59,",,0",64,",,0",    1,",,0",,,,,,
422,1958-07-28,299.0,42.13333,-71.96667,"CHARLTON MASONIC HM, MA US",0.00,",,0",0.0,",,0",0.0,",,0",USC00191345,69,",,0",57,",,0",68,",,0",,,,,,,,
423,1958-07-29,299.0,42.13333,-71.96667,"CHARLTON MASONIC HM, MA US",0.52,",,0",0.0,",,0",0.0,",,0",USC00191345,84,",,0",65,",,0",82,",,0",,,,,,,,
424,1958-07-30,299.0,42.13333,-71.96667,"CHARLTON MASONIC HM, MA US",0.00,",,0",0.0,",,0",0.0,",,0",USC00191345,82,",,0",62,",,0",80,",,0",,,,,,,,
425,1958-07-31,299.0,42.13333,-71.96667,"CHARLTON MASONIC HM, MA US",0.13,",,0",0.0,",,0",0.0,",,0",USC00191345,80,",,0",65,",,0",67,",,0",,,,,,,,
426,1958-08-01,299.0,42.13333,-71.96667,"CHARLTON MASONIC HM, MA US",0.09,",,0",0.0,",,0",0.0,",,0",USC00191345,80,",,0",59,",,0",77,",,0",,,,,,,,
427,1958-08-02,299.0,42.13333,-71.96667,"CHARLTON MASONIC HM, MA US",0.00,",,0",0.0,",,0",0.0,",,0",USC00191345,81,",,0",59,",,0",79,",,0",,,,,,,,
428,1958-08-03,299.0,42.13333,-71.96667,"CHARLTON MASONIC HM, MA US",0.00,",,0",0.0,",,0",0.0,",,0",USC00191345,80,",,0",58,",,0",75,",,0",    1,",,0",,,,,,
429,1958-08-04,299.0,42.13333,-71.96667,"CHARLTON MASONIC HM, MA US",0.00,",,0",0.0,",,0",0.0,",,0",USC00191345,85,",,0",62,",,0",77,",,0",    1,",,0",,,,,,
430,1958-08-05,299.0,42.13333,-71.96667,"CHARLTON MASONIC HM, MA US",0.00,",,0",0.0,",,0",0.0,",,0",USC00191345,79,",,0",58,",,0",79,",,0",,,,,,,,
431,1958-08-06,299.0,42.13333,-71.96667,"CHARLTON MASONIC HM, MA US",0.00,",,0",0.0,",,0",0.0,",,0",USC00191345,84,",,0",58,",,0",78,",,0",,,,,,,,
432,1958-08-07,299.0,42.13333,-71.96667,"CHARLTON MASONIC HM, MA US",0.00,",,0",0.0,",,0",0.0,",,0",USC00191345,84,",,0",63,",,0",73,",,0",    1,",,0",,,,,,
433,1958-08-08,299.0,42.13333,-71.96667,"CHARLTON MASONIC HM, MA US",0.00,",,0",0.0,",,0",0.0,",,0",USC00191345,83,",,0",67,",,0",78,",,0",    1,",,0",,,,,,
434,1958-08-09,299.0,42.13333,-71.96667,"CHARLTON MASONIC HM, MA US",0.07,",,0",0.0,",,0",0.0,",,0",USC00191345,78,",,0",55,",,0",73,",,0",,,,,,,,
435,1958-08-10,299.0,42.13333,-71.96667,"CHARLTON MASONIC HM, MA US",0.00,",,0",0.0,",,0",0.0,",,0",USC00191345,76,",,0",61,",,0",75,",,0",,,,,,,,
436,1958-08-11,299.0,42.13333,-71.96667,"CHARLTON MASONIC HM, MA US",0.00,",,0",0.0,",,0",0.0,",,0",USC00191345,77,",,0",60,",,0",76,",,0",,,,,,,,
437,1958-08-12,299.0,42.13333,-71.96667,"CHARLTON MASONIC HM, MA US",0.00,",,0",0.0,",,0",0.0,",,0",USC00191345,79,",,0",58,",,0",78,",,0",,,,,,,,
438,1958-08-13,299.0,42.13333,-71.96667,"CHARLTON MASONIC HM, MA US",0.35,",,0",0.0,",,0",0.0,",,0",USC00191345,81,",,0",64,",,0",69,",,0",    1,",,0",,,,,,
439,1958-08-14,299.0,42.13333,-71.96667,"CHARLTON MASONIC HM, MA US",0.06,",,0",0.0,",,0",0.0,",,0",USC00191345,80,",,0",64,",,0",80,",,0",    1,",,0",,,,,,
440,1958-08-15,299.0,42.13333,-71.96667,"CHARLTON MASONIC HM, MA US",0.60,",,0",0.0,",,0",0.0,",,0",USC00191345,84,",,0",64,",,0",78,",,0",    1,",,0",,,,,,
441,1958-08-16,299.0,42.13333,-71.96667,"CHARLTON MASONIC HM, MA US",0.12,",,0",0.0,",,0",0.0,",,0",USC00191345,77,",,0",60,",,0",71,",,0",    1,",,0",,,,,,
442,1958-08-17,299.0,42.13333,-71.96667,"CHARLTON MASONIC HM, MA US",0.03,",,0",0.0,",,0",0.0,",,0",USC00191345,74,",,0",58,",,0",68,",,0",    1,",,0",,,,,,
443,1958-08-18,299.0,42.13333,-71.96667,"CHARLTON MASONIC HM, MA US",0.00,",,0",0.0,",,0",0.0,",,0",USC00191345,69,",,0",59,",,0",64,",,0",,,,,,,,
444,1958-08-19,299.0,42.13333,-71.96667,"CHARLTON MASONIC HM, MA US",0.00,",,0",0.0,",,0",0.0,",,0",USC00191345,71,",,0",50,",,0",70,",,0",,,,,,,,
445,1958-08-20,299.0,42.13333,-71.96667,"CHARLTON MASONIC HM, MA US",0.00,",,0",0.0,",,0",0.0,",,0",USC00191345,77,",,0",54,",,0",73,",,0",,,,,,,,
446,1958-08-21,299.0,42.13333,-71.96667,"CHARLTON MASONIC HM, MA US",0.00,",,0",0.0,",,0",0.0,",,0",USC00191345,82,",,0",58,",,0",78,",,0",    1,",,0",,,,,,
447,1958-08-22,299.0,42.13333,-71.96667,"CHARLTON MASONIC HM, MA US",0.18,",,0",0.0,",,0",0.0,",,0",USC00191345,78,",,0",61,",,0",74,",,0",    1,",,0",,,,,,
448,1958-08-23,299.0,42.13333,-71.96667,"CHARLTON MASONIC HM, MA US",0.00,",,0",0.0,",,0",0.0,",,0",USC00191345,74,",,0",52,",,0",72,",,0",,,,,,,,
449,1958-08-24,299.0,42.13333,-71.96667,"CHARLTON MASONIC HM, MA US",0.00,",,0",0.0,",,0",0.0,",,0",USC00191345,73,",,0",57,",,0",68,",,0",,,,,,,,
450,1958-08-25,299.0,42.13333,-71.96667,"CHARLTON MASONIC HM, MA US",1.42,",,0",0.0,",,0",0.0,",,0",USC00191345,71,",,0",60,",,0",67,",,0",,,,,,,,
451,1958-08-26,299.0,42.13333,-71.96667,"CHARLTON MASONIC HM, MA US",0.38,",,0",0.0,",,0",0.0,",,0",USC00191345,67,",,0",57,",,0",59,",,0",    1,",,0",,,,,,
452,1958-08-27,299.0,42.13333,-71.96667,"CHARLTON MASONIC HM, MA US",0.06,",,0",0.0,",,0",0.0,",,0",USC00191345,75,",,0",55,",,0",72,",,0",,,,,,,,
453,1958-08-28,299.0,42.13333,-71.96667,"CHARLTON MASONIC HM, MA US",0.00,",,0",0.0,",,0",0.0,",,0",USC00191345,72,",,0",56,",,0",64,",,0",,,,,,,,
454,1958-08-29,299.0,42.13333,-71.96667,"CHARLTON MASONIC HM, MA US",0.03,",,0",0.0,",,0",0.0,",,0",USC00191345,78,",,0",56,",,0",77,",,0",    1,",,0",,,,,,
455,1958-08-30,299.0,42.13333,-71.96667,"CHARLTON MASONIC HM, MA US",0.00,",,0",0.0,",,0",0.0,",,0",USC00191345,84,",,0",59,",,0",77,",,0",,,,,,,,
456,1958-08-31,299.0,42.13333,-71.96667,"CHARLTON MASONIC HM, MA US",0.00,",,0",0.0,",,0",0.0,",,0",USC00191345,85,",,0",64,",,0",77,",,0",    1,",,0",,,,,,
457,1958-09-01,299.0,42.13333,-71.96667,"CHARLTON MASONIC HM, MA US",0.00,",,0",0.0,",,0",0.0,",,0",USC00191345,77,",,0",64,",,0",68,",,0",    1,",,0",,,,,,
458,1958-09-02,299.0,42.13333,-71.96667,"CHARLTON MASONIC HM, MA US",0.00,",,0",0.0,",,0",0.0,",,0",USC00191345,68,",,0",50,",,0",66,",,0",,,,,,,,
459,1958-09-03,299.0,42.13333,-71.96667,"CHARLTON MASONIC HM, MA US",0.00,",,0",0.0,",,0",0.0,",,0",USC00191345,72,",,0",44,",,0",68,",,0",,,,,,,,
460,1958-09-04,299.0,42.13333,-71.96667,"CHARLTON MASONIC HM, MA US",0.00,",,0",0.0,",,0",0.0,",,0",USC00191345,74,",,0",50,",,0",69,",,0",    1,",,0",,,,,,
461,1958-09-05,299.0,42.13333,-71.96667,"CHARLTON MASONIC HM, MA US",0.00,",,0",0.0,",,0",0.0,",,0",USC00191345,81,",,0",57,",,0",76,",,0",    1,",,0",,,,,,
462,1958-09-06,299.0,42.13333,-71.96667,"CHARLTON MASONIC HM, MA US",0.00,",,0",0.0,",,0",0.0,",,0",USC00191345,76,",,0",57,",,0",68,",,0",    1,",,0",,,,,,
463,1958-09-07,299.0,42.13333,-71.96667,"CHARLTON MASONIC HM, MA US",0.16,",,0",0.0,",,0",0.0,",,0",USC00191345,75,",,0",62,",,0",72,",,0",    1,",,0",,,,,,
464,1958-09-08,299.0,42.13333,-71.96667,"CHARLTON MASONIC HM, MA US",0.11,",,0",0.0,",,0",0.0,",,0",USC00191345,72,",,0",50,",,0",64,",,0",,,,,,,,
465,1958-09-09,299.0,42.13333,-71.96667,"CHARLTON MASONIC HM, MA US",0.00,",,0",0.0,",,0",0.0,",,0",USC00191345,69,",,0",43,",,0",65,",,0",,,,,,,,
466,1958-09-10,299.0,42.13333,-71.96667,"CHARLTON MASONIC HM, MA US",0.45,",,0",0.0,",,0",0.0,",,0",USC00191345,68,",,0",51,",,0",66,",,0",,,,,,,,
467,1958-09-11,299.0,42.13333,-71.96667,"CHARLTON MASONIC HM, MA US",0.00,",,0",0.0,",,0",0.0,",,0",USC00191345,66,",,0",46,",,0",64,",,0",,,,,,,,
468,1958-09-12,299.0,42.13333,-71.96667,"CHARLTON MASONIC HM, MA US",0.00,",,0",0.0,",,0",0.0,",,0",USC00191345,64,",,0",38,",,0",63,",,0",,,,,,,,
469,1958-09-13,299.0,42.13333,-71.96667,"CHARLTON MASONIC HM, MA US",0.00,",,0",0.0,",,0",0.0,",,0",USC00191345,70,",,0",43,",,0",67,",,0",,,,,,,,
470,1958-09-14,299.0,42.13333,-71.96667,"CHARLTON MASONIC HM, MA US",0.00,",,0",0.0,",,0",0.0,",,0",USC00191345,70,",,0",53,",,0",71,",,0",,,,,,,,
471,1958-09-15,299.0,42.13333,-71.96667,"CHARLTON MASONIC HM, MA US",0.00,",,0",0.0,",,0",0.0,",,0",USC00191345,78,",,0",52,",,0",73,",,0",    1,",,0",,,,,,
472,1958-09-16,299.0,42.13333,-71.96667,"CHARLTON MASONIC HM, MA US",0.04,",,0",0.0,",,0",0.0,",,0",USC00191345,83,",,0",57,",,0",77,",,0",    1,",,0",,,,,,
473,1958-09-17,299.0,42.13333,-71.96667,"CHARLTON MASONIC HM, MA US",1.83,",,0",0.0,",,0",0.0,",,0",USC00191345,77,",,0",49,",,0",63,",,0",,,,,,,,
474,1958-09-18,299.0,42.13333,-71.96667,"CHARLTON MASONIC HM, MA US",0.64,",,0",0.0,",,0",0.0,",,0",USC00191345,68,",,0",50,",,0",62,",,0",    1,",,0",,,,,,
475,1958-09-19,299.0,42.13333,-71.96667,"CHARLTON MASONIC HM, MA US",0.00,",,0",0.0,",,0",0.0,",,0",USC00191345,62,",,0",45,",,0",59,",,0",    1,",,0",,,,,,
476,1958-09-20,299.0,42.13333,-71.96667,"CHARLTON MASONIC HM, MA US",0.00,",,0",0.0,",,0",0.0,",,0",USC00191345,60,",,0",48,",,0",59,",,0",,,,,,,,
477,1958-09-21,299.0,42.13333,-71.96667,"CHARLTON MASONIC HM, MA US",0.03,",,0",0.0,",,0",0.0,",,0",USC00191345,64,",,0",50,",,0",57,",,0",    1,",,0",,,,,,
478,1958-09-22,299.0,42.13333,-71.96667,"CHARLTON MASONIC HM, MA US",0.34,",,0",0.0,",,0",0.0,",,0",USC00191345,71,",,0",52,",,0",68,",,0",    1,",,0",,,,,,
479,1958-09-23,299.0,42.13333,-71.96667,"CHARLTON MASONIC HM, MA US",0.00,",,0",0.0,",,0",0.0,",,0",USC00191345,74,",,0",46,",,0",72,",,0",,,,,,,,
480,1958-09-24,299.0,42.13333,-71.96667,"CHARLTON MASONIC HM, MA US",0.00,",,0",0.0,",,0",0.0,",,0",USC00191345,73,",,0",50,",,0",60,",,0",,,,,,,,
481,1958-09-25,299.0,42.13333,-71.96667,"CHARLTON MASONIC HM, MA US",0.00,",,0",0.0,",,0",0.0,",,0",USC00191345,79,",,0",51,",,0",72,",,0",    1,",,0",,,,,,
482,1958-09-26,299.0,42.13333,-71.96667,"CHARLTON MASONIC HM, MA US",0.00,",,0",0.0,",,0",0.0,",,0",USC00191345,84,",,0",60,",,0",76,",,0",    1,",,0",,,,,,
483,1958-09-27,299.0,42.13333,-71.96667,"CHARLTON MASONIC HM, MA US",1.25,",,0",0.0,",,0",0.0,",,0",USC00191345,76,",,0",46,",,0",73,",,0",,,    1,",,0",,,,
484,1958-09-28,299.0,42.13333,-71.96667,"CHARLTON MASONIC HM, MA US",0.50,",,0",0.0,",,0",0.0,",,0",USC00191345,73,",,0",42,",,0",67,",,0",,,,,,,,
485,1958-09-29,299.0,42.13333,-71.96667,"CHARLTON MASONIC HM, MA US",0.00,",,0",0.0,",,0",0.0,",,0",USC00191345,67,",,0",36,",,0",58,",,0",,,,,,,,
486,1958-09-30,299.0,42.13333,-71.96667,"CHARLTON MASONIC HM, MA US",0.00,",,0",0.0,",,0",0.0,",,0",USC00191345,61,",,0",41,",,0",58,",,0",,,,,,,,
487,1958-10-01,299.0,42.13333,-71.96667,"CHARLTON MASONIC HM, MA US",1.00,",,0",0.0,",,0",0.0,",,0",USC00191345,63,",,0",45,",,0",62,",,0",,,,,,,,
488,1958-10-02,299.0,42.13333,-71.96667,"CHARLTON MASONIC HM, MA US",0.00,",,0",0.0,",,0",0.0,",,0",USC00191345,62,",,0",34,",,0",59,",,0",,,,,,,,
489,1958-10-03,299.0,42.13333,-71.96667,"CHARLTON MASONIC HM, MA US",0.00,",,0",0.0,",,0",0.0,",,0",USC00191345,59,",,0",38,",,0",57,",,0",,,,,,,,
490,1958-10-04,299.0,42.13333,-71.96667,"CHARLTON MASONIC HM, MA US",0.00,",,0",0.0,",,0",0.0,",,0",USC00191345,65,",,0",40,",,0",63,",,0",,,,,,,,
491,1958-10-05,299.0,42.13333,-71.96667,"CHARLTON MASONIC HM, MA US",0.00,",,0",0.0,",,0",0.0,",,0",USC00191345,64,",,0",41,",,0",54,",,0",,,,,,,,
492,1958-10-06,299.0,42.13333,-71.96667,"CHARLTON MASONIC HM, MA US",0.00,",,0",0.0,",,0",0.0,",,0",USC00191345,54,",,0",37,",,0",52,",,0",,,,,,,,
493,1958-10-07,299.0,42.13333,-71.96667,"CHARLTON MASONIC HM, MA US",0.00,",,0",0.0,",,0",0.0,",,0",USC00191345,63,",,0",31,",,0",59,",,0",,,,,,,,
494,1958-10-08,299.0,42.13333,-71.96667,"CHARLTON MASONIC HM, MA US",0.00,",,0",0.0,",,0",0.0,",,0",USC00191345,68,",,0",41,",,0",62,",,0",,,,,,,,
495,1958-10-09,299.0,42.13333,-71.96667,"CHARLTON MASONIC HM, MA US",0.00,",,0",0.0,",,0",0.0,",,0",USC00191345,75,",,0",49,",,0",69,",,0",,,,,,,,
496,1958-10-10,299.0,42.13333,-71.96667,"CHARLTON MASONIC HM, MA US",0.00,",,0",0.0,",,0",0.0,",,0",USC00191345,79,",,0",51,",,0",73,",,0",,,,,,,,
497,1958-10-11,299.0,42.13333,-71.96667,"CHARLTON MASONIC HM, MA US",0.00,",,0",0.0,",,0",0.0,",,0",USC00191345,72,",,0",40,",,0",,,,,,,,,,
498,1958-10-12,299.0,42.13333,-71.96667,"CHARLTON MASONIC HM, MA US",,,0.0,",,0",0.0,",,0",USC00191345,51,",,0",31,",,0",69,",I,0",,,,,,,,
499,1958-10-13,299.0,42.13333,-71.96667,"CHARLTON MASONIC HM, MA US",,,0.0,",,0",0.0,",,0",USC00191345,49,",I,0",32,",,0",67,",I,0",,,,,,,,
500,1958-10-14,299.0,42.13333,-71.96667,"CHARLTON MASONIC HM, MA US",0.00,",,0",0.0,",,0",0.0,",,0",USC00191345,57,",,0",26,",,0",,,,,,,,,,
501,1958-10-15,299.0,42.13333,-71.96667,"CHARLTON MASONIC HM, MA US",0.00,",,0",0.0,",,0",0.0,",,0",USC00191345,65,",,0",43,",,0",60,",,0",,,,,,,,
502,1958-10-16,299.0,42.13333,-71.96667,"CHARLTON MASONIC HM, MA US",0.00,",,0",0.0,",,0",0.0,",,0",USC00191345,77,",,0",46,",,0",70,",,0",,,,,,,,
503,1958-10-17,299.0,42.13333,-71.96667,"CHARLTON MASONIC HM, MA US",0.00,",,0",0.0,",,0",0.0,",,0",USC00191345,75,",,0",50,",,0",69,",,0",,,,,,,,
504,1958-10-18,299.0,42.13333,-71.96667,"CHARLTON MASONIC HM, MA US",0.00,",,0",0.0,",,0",0.0,",,0",USC00191345,69,",,0",40,",,0",68,",,0",,,,,,,,
505,1958-10-19,299.0,42.13333,-71.96667,"CHARLTON MASONIC HM, MA US",0.00,",,0",0.0,",,0",0.0,",,0",USC00191345,68,",,0",31,",,0",65,",,0",,,,,,,,
506,1958-10-20,299.0,42.13333,-71.96667,"CHARLTON MASONIC HM, MA US",0.00,",,0",0.0,",,0",0.0,",,0",USC00191345,64,",,0",40,",,0",63,",,0",,,,,,,,
507,1958-10-21,299.0,42.13333,-71.96667,"CHARLTON MASONIC HM, MA US",0.00,",,0",0.0,",,0",0.0,",,0",USC00191345,63,",,0",32,",,0",58,",,0",,,,,,,,
508,1958-10-22,299.0,42.13333,-71.96667,"CHARLTON MASONIC HM, MA US",0.00,",,0",0.0,",,0",0.0,",,0",USC00191345,61,",,0",39,",,0",56,",,0",,,,,,,,
509,1958-10-23,299.0,42.13333,-71.96667,"CHARLTON MASONIC HM, MA US",1.30,",,0",0.0,",,0",0.0,",,0",USC00191345,57,",,0",45,",,0",57,",,0",    1,",,0",,,,,,
510,1958-10-24,299.0,42.13333,-71.96667,"CHARLTON MASONIC HM, MA US",0.00,",,0",0.0,",,0",0.0,",,0",USC00191345,57,",,0",42,",,0",53,",,0",,,,,,,,
511,1958-10-25,299.0,42.13333,-71.96667,"CHARLTON MASONIC HM, MA US",0.05,",,0",0.0,",,0",0.0,",,0",USC00191345,52,",,0",36,",,0",50,",,0",    1,",,0",,,,,,
512,1958-10-26,299.0,42.13333,-71.96667,"CHARLTON MASONIC HM, MA US",0.25,",,0",0.0,",,0",0.0,",,0",USC00191345,50,",,0",34,",,0",45,",,0",    1,",,0",,,,,,
513,1958-10-27,299.0,42.13333,-71.96667,"CHARLTON MASONIC HM, MA US",0.15,",,0",0.0,",,0",0.0,",,0",USC00191345,47,",,0",38,",,0",45,",,0",    1,",,0",,,,,,
514,1958-10-28,299.0,42.13333,-71.96667,"CHARLTON MASONIC HM, MA US",0.00,",,0",0.0,",,0",0.0,",,0",USC00191345,51,",,0",38,",,0",49,",,0",    1,",,0",,,,,,
515,1958-10-29,299.0,42.13333,-71.96667,"CHARLTON MASONIC HM, MA US",0.06,",,0",0.0,",,0",0.0,",,0",USC00191345,49,",,0",33,",,0",47,",,0",,,,,,,,
516,1958-10-30,299.0,42.13333,-71.96667,"CHARLTON MASONIC HM, MA US",0.00,",,0",0.0,",,0",0.0,",,0",USC00191345,52,",,0",33,",,0",46,",,0",,,,,,,,
517,1958-10-31,299.0,42.13333,-71.96667,"CHARLTON MASONIC HM, MA US",0.00,",,0",0.0,",,0",0.0,",,0",USC00191345,,,,,,,,,,,,,,
518,1958-11-01,299.0,42.13333,-71.96667,"CHARLTON MASONIC HM, MA US",0.00,",,0",,,,,USC00191345,52,",,0",33,",,0",51,",,0",,,,,,,,
519,1958-11-02,299.0,42.13333,-71.96667,"CHARLTON MASONIC HM, MA US",0.00,",,0",,,,,USC00191345,50,",,0",25,",,0",47,",,0",,,,,,,,
520,1958-11-03,299.0,42.13333,-71.96667,"CHARLTON MASONIC HM, MA US",0.61,",,0",,,,,USC00191345,47,",,0",31,",,0",46,",,0",,,,,,,,
521,1958-11-04,299.0,42.13333,-71.96667,"CHARLTON MASONIC HM, MA US",0.00,",,0",,,,,USC00191345,58,",,0",30,",,0",54,",,0",,,,,,,,
522,1958-11-05,299.0,42.13333,-71.96667,"CHARLTON MASONIC HM, MA US",0.00,",,0",,,,,USC00191345,62,",,0",35,",,0",59,",,0",,,,,,,,
523,1958-11-06,299.0,42.13333,-71.96667,"CHARLTON MASONIC HM, MA US",0.00,",,0",,,,,USC00191345,62,",,0",42,",,0",60,",,0",,,,,,,,
524,1958-11-07,299.0,42.13333,-71.96667,"CHARLTON MASONIC HM, MA US",0.00,",,0",,,,,USC00191345,60,",,0",31,",,0",58,",,0",,,,,,,,
525,1958-11-08,299.0,42.13333,-71.96667,"CHARLTON MASONIC HM, MA US",0.00,",,0",,,,,USC00191345,57,",,0",29,",,0",55,",,0",,,,,,,,
526,1958-11-09,299.0,42.13333,-71.96667,"CHARLTON MASONIC HM, MA US",1.11,",,0",,,,,USC00191345,54,",,0",35,",,0",52,",,0",,,,,,,,
527,1958-11-10,299.0,42.13333,-71.96667,"CHARLTON MASONIC HM, MA US",0.19,",,0",,,,,USC00191345,52,",,0",37,",,0",50,",,0",,,,,,,,
528,1958-11-11,299.0,42.13333,-71.96667,"CHARLTON MASONIC HM, MA US",0.00,",,0",,,,,USC00191345,50,",,0",34,",,0",46,",,0",,,,,,,,
529,1958-11-12,299.0,42.13333,-71.96667,"CHARLTON MASONIC HM, MA US",0.00,",,0",,,,,USC00191345,54,",,0",33,",,0",48,",,0",,,,,,,,
530,1958-11-13,299.0,42.13333,-71.96667,"CHARLTON MASONIC HM, MA US",0.00,",,0",,,,,USC00191345,55,",,0",32,",,0",53,",,0",,,,,,,,
531,1958-11-14,299.0,42.13333,-71.96667,"CHARLTON MASONIC HM, MA US",0.00,",,0",,,,,USC00191345,61,",,0",40,",,0",57,",,0",,,,,,,,
532,1958-11-15,299.0,42.13333,-71.96667,"CHARLTON MASONIC HM, MA US",0.02,",,0",,,,,USC00191345,61,",,0",48,",,0",58,",,0",,,,,,,,
533,1958-11-16,299.0,42.13333,-71.96667,"CHARLTON MASONIC HM, MA US",0.04,",,0",,,,,USC00191345,58,",,0",38,",,0",51,",,0",,,,,,,,
534,1958-11-17,299.0,42.13333,-71.96667,"CHARLTON MASONIC HM, MA US",0.00,",,0",,,,,USC00191345,51,",,0",38,",,0",47,",,0",,,,,,,,
535,1958-11-18,299.0,42.13333,-71.96667,"CHARLTON MASONIC HM, MA US",0.04,",,0",,,,,USC00191345,55,",,0",42,",,0",52,",,0",,,,,,,,
536,1958-11-19,299.0,42.13333,-71.96667,"CHARLTON MASONIC HM, MA US",0.09,",,0",,,,,USC00191345,59,",,0",49,",,0",59,",,0",,,,,,,,
537,1958-11-20,299.0,42.13333,-71.96667,"CHARLTON MASONIC HM, MA US",0.00,",,0",,,,,USC00191345,59,",,0",35,",,0",56,",,0",,,,,,,,
538,1958-11-21,299.0,42.13333,-71.96667,"CHARLTON MASONIC HM, MA US",0.04,",,0",,,,,USC00191345,55,",,0",33,",,0",54,",,0",,,,,,,,
539,1958-11-22,299.0,42.13333,-71.96667,"CHARLTON MASONIC HM, MA US",0.00,",,0",,,,,USC00191345,53,",,0",28,",,0",52,",,0",,,,,,,,
540,1958-11-23,299.0,42.13333,-71.96667,"CHARLTON MASONIC HM, MA US",0.00,",,0",,,,,USC00191345,52,",,0",19,",,0",51,",,0",,,,,,,,
541,1958-11-24,299.0,42.13333,-71.96667,"CHARLTON MASONIC HM, MA US",0.00,",,0",,,,,USC00191345,59,",,0",32,",,0",57,",,0",,,,,,,,
542,1958-11-25,299.0,42.13333,-71.96667,"CHARLTON MASONIC HM, MA US",0.00,",,0",,,,,USC00191345,56,",,0",19,",,0",55,",,0",,,,,,,,
543,1958-11-26,299.0,42.13333,-71.96667,"CHARLTON MASONIC HM, MA US",0.35,",,0",,,,,USC00191345,55,",,0",24,",,0",54,",,0",,,,,,,,
544,1958-11-27,299.0,42.13333,-71.96667,"CHARLTON MASONIC HM, MA US",0.00,",,0",,,,,USC00191345,54,",,0",25,",,0",53,",,0",,,,,,,,
545,1958-11-28,299.0,42.13333,-71.96667,"CHARLTON MASONIC HM, MA US",0.00,",,0",,,,,USC00191345,53,",,0",19,",,0",52,",,0",,,,,,,,
546,1958-11-29,299.0,42.13333,-71.96667,"CHARLTON MASONIC HM, MA US",2.01,",,0",,,,,USC00191345,56,",,0",25,",,0",56,",,0",,,,,,,,
547,1958-11-30,299.0,42.13333,-71.96667,"CHARLTON MASONIC HM, MA US",0.00,",,0",,,,,USC00191345,55,",,0",8,",,0",54,",,0",,,,,,,,
548,1958-12-01,299.0,42.13333,-71.96667,"CHARLTON MASONIC HM, MA US",0.00,",,0",,,,,USC00191345,,,10,",,0",,,,,,,,,,
549,1958-12-02,299.0,42.13333,-71.96667,"CHARLTON MASONIC HM, MA US",0.00,",,0",,,,,USC00191345,,,17,",,0",,,,,,,,,,
550,1958-12-03,299.0,42.13333,-71.96667,"CHARLTON MASONIC HM, MA US",0.00,",,0",,,,,USC00191345,,,15,",,0",,,,,,,,,,
551,1958-12-04,299.0,42.13333,-71.96667,"CHARLTON MASONIC HM, MA US",0.78,",,0",,,,,USC00191345,,,23,",,0",,,,,,,,,,
552,1958-12-05,299.0,42.13333,-71.96667,"CHARLTON MASONIC HM, MA US",0.32,",,0",,,,,USC00191345,,,30,",,0",,,,,,,,,,
553,1958-12-06,299.0,42.13333,-71.96667,"CHARLTON MASONIC HM, MA US",0.00,",,0",,,,,USC00191345,,,16,",,0",,,,,,,,,,
554,1958-12-07,299.0,42.13333,-71.96667,"CHARLTON MASONIC HM, MA US",0.00,",,0",,,,,USC00191345,,,12,",,0",,,,,,,,,,
555,1958-12-08,299.0,42.13333,-71.96667,"CHARLTON MASONIC HM, MA US",0.00,",,0",,,,,USC00191345,,,12,",,0",,,,,,,,,,
556,1958-12-10,299.0,42.13333,-71.96667,"CHARLTON MASONIC HM, MA US",0.00,",,0",,,,,USC00191345,,,5,",,0",,,,,,,,,,
557,1958-12-11,299.0,42.13333,-71.96667,"CHARLTON MASONIC HM, MA US",0.00,",,0",,,,,USC00191345,,,0,",,0",,,,,,,,,,
558,1958-12-12,299.0,42.13333,-71.96667,"CHARLTON MASONIC HM, MA US",0.00,",,0",,,,,USC00191345,,,10,",,0",,,,,,,,,,
559,1958-12-13,299.0,42.13333,-71.96667,"CHARLTON MASONIC HM, MA US",0.00,",,0",,,,,USC00191345,,,9,",,0",,,,,,,,,,
560,1958-12-14,299.0,42.13333,-71.96667,"CHARLTON MASONIC HM, MA US",0.00,",,0",,,,,USC00191345,,,8,",,0",,,,,,,,,,
561,1958-12-17,299.0,42.13333,-71.96667,"CHARLTON MASONIC HM, MA US",,,,,,,USC00191345,,,8,",,0",,,,,,,,,,
562,1958-12-18,299.0,42.13333,-71.96667,"CHARLTON MASONIC HM, MA US",0.00,",,0",,,,,USC00191345,,,20,",,0",,,,,,,,,,
563,1958-12-19,299.0,42.13333,-71.96667,"CHARLTON MASONIC HM, MA US",0.00,",,0",,,,,USC00191345,,,15,",,0",,,,,,,,,,
564,1958-12-20,299.0,42.13333,-71.96667,"CHARLTON MASONIC HM, MA US",0.00,",,0",,,,,USC00191345,,,7,",,0",,,,,,,,,,
565,1958-12-21,299.0,42.13333,-71.96667,"CHARLTON MASONIC HM, MA US",0.00,",,0",,,,,USC00191345,,,0,",,0",,,,,,,,,,
566,1958-12-22,299.0,42.13333,-71.96667,"CHARLTON MASONIC HM, MA US",0.00,",,0",,,,,USC00191345,,,2,",,0",,,,,,,,,,
567,1958-12-23,299.0,42.13333,-71.96667,"CHARLTON MASONIC HM, MA US",0.00,",,0",,,,,USC00191345,,,11,",,0",,,,,,,,,,
568,1958-12-24,299.0,42.13333,-71.96667,"CHARLTON MASONIC HM, MA US",0.00,",,0",,,,,USC00191345,,,17,",,0",,,,,,,,,,
569,1958-12-25,299.0,42.13333,-71.96667,"CHARLTON MASONIC HM, MA US",0.00,",,0",,,,,USC00191345,,,2,",,0",,,,,,,,,,
570,1958-12-26,299.0,42.13333,-71.96667,"CHARLTON MASONIC HM, MA US",0.00,",,0",,,,,USC00191345,,,0,",,0",,,,,,,,,,
571,1958-12-27,299.0,42.13333,-71.96667,"CHARLTON MASONIC HM, MA US",0.00,",,0",,,,,USC00191345,,,11,",,0",,,,,,,,,,
572,1958-12-28,299.0,42.13333,-71.96667,"CHARLTON MASONIC HM, MA US",0.00,",,0",,,,,USC00191345,,,21,",,0",,,,,,,,,,
573,1958-12-29,299.0,42.13333,-71.96667,"CHARLTON MASONIC HM, MA US",0.00,",,0",,,,,USC00191345,,,25,",,0",,,,,,,,,,
574,1958-12-30,299.0,42.13333,-71.96667,"CHARLTON MASONIC HM, MA US",,,,,,,USC00191345,,,12,",,0",,,,,,,,,,
